2017-10-27 16:12:01,model=Lenovo PB2-690Y,32.16857397,34.81328609,-9,ben moshe,b4:ee:b4:36:d2:b0,-51,1,ben moshe,b0:b2:8f:37:ba:c7,-62,1
2017-10-27 16:14:37,model=Lenovo PB2-690Y,32.16866695,34.81322274,38,Robert1,3c:1e:04:03:7f:17,-81,1,BezeqFree,6a:12:f5:f9:5e:71,-90,8,tslila,c4:3d:c7:5a:79:1c,-87,11,osnatg370,c0:ac:54:f5:7b:a7,-90,11,OP2,a0:63:91:69:f6:af,-92,1,NGOGA,30:b5:c2:fe:aa:56,-92,6,HUAWEI-C7FB,48:db:50:34:c7:fb,-94,1,Howmanyistwo,74:da:38:50:77:f2,-83,2,DIRECT-35-HP DeskJet 3830 series,98:e7:f4:c6:4b:37,-93,6
2017-10-27 16:14:52,model=Lenovo PB2-690Y,32.16868001,34.81321794,39,DIRECT-35-HP DeskJet 3830 series,98:e7:f4:c6:4b:37,-87,6,Ester,f8:e9:03:13:74:ee,-96,1
2017-10-27 16:15:07,model=Lenovo PB2-690Y,32.16868528,34.81321713,40,BezeqFree,6a:12:f5:f9:5e:71,-85,8,hilda,00:02:6f:eb:a0:f4,-92,11
2017-10-27 16:15:37,model=Lenovo PB2-690Y,32.16882634,34.81238415,40,DIRECT-A5-HP DeskJet 4670 series,fc:3f:db:7e:60:a6,-81,10,May,14:cc:20:eb:cb:c6,-90,1,LANDAU HOME,58:f3:9c:62:d2:60,-87,1,HOTBOX-D1D7,fc:b4:e6:cf:d1:dd,-90,1,HOTBOX-72B6,7c:03:4c:ba:bf:55,-90,6,AEH-W4A1-b0411d287904,b0:41:1d:28:79:04,-96,8
2017-10-27 16:15:52,model=Lenovo PB2-690Y,32.16874744,34.8109599,41,osnatg370,c0:ac:54:f5:7b:a7,-89,11,hilda,00:02:6f:eb:a0:f4,-92,11,DIRECT-A5-HP DeskJet 4670 series,fc:3f:db:7e:60:a6,-81,10,NGOGA,30:b5:c2:fe:aa:56,-88,6,HOTBOX-72B6,7c:03:4c:ba:bf:55,-90,6,AEH-W4A1-b0411d287904,b0:41:1d:28:79:04,-96,8,HOTBOX111,90:f6:52:28:38:19,-71,11,Ester,f8:e9:03:13:74:ee,-96,1,HOTBOX111,c0:ac:54:f6:ae:5e,-76,11,BezeqFree,6a:12:f5:f9:5e:71,-85,8
2017-10-27 16:16:07,model=Lenovo PB2-690Y,32.1682687,34.81030598,45,BARON WIFI 2.4,60:e3:27:bf:a1:a5,-80,11,Oberyn Martell,18:d6:c7:fb:1c:0e,-83,8,simon,e4:6f:13:73:0a:c2,-87,8,GUYFI,c8:60:00:b1:d4:50,-90,3,Rina,00:26:5a:77:8c:db,-90,6,terry_ap,5c:83:8f:33:bd:68,-91,1,HP-Print-a2-LaserJet 400 color,e4:d5:3d:7d:d6:a2,-90,6
2017-10-27 16:16:22,model=Lenovo PB2-690Y,32.16763949,34.80988697,45,osnatg370,c0:ac:54:f5:7b:a7,-89,11,AEH-W4A1-b0411d287904,b0:41:1d:28:79:04,-96,8,HOTBOX111,90:f6:52:28:38:19,-71,11,BezeqFree,6a:12:f5:f9:5e:71,-85,8,HOTBOX111,c0:ac:54:f6:ae:5e,-76,11,Talfamily2,90:8d:78:b6:28:f6,-92,5,LANDAU HOME,58:f3:9c:62:d2:60,-87,1,CEO-WiFi_2.4,c4:12:f5:80:24:0b,-82,1,smartsell,78:e8:b6:69:2c:91,-85,1,888Corp,0a:8d:db:6e:71:6d,-86,1
2017-10-27 16:16:31,model=Lenovo PB2-690Y,32.16762928,34.80987929,45,Shaked-Guest WiFi,b0:aa:77:f1:3a:68,-83,11,MOULY MAISON,00:78:9e:fa:15:91,-74,1,888Corp,0a:8d:db:6e:71:bf,-85,1,888Corp,0a:8d:db:6e:71:be,-86,11,DIRECT-a8-HP M477 LaserJet,aa:6b:ad:04:c6:a8,-87,6,888Guest,02:8d:db:6e:71:be,-84,11,888Guest,02:8d:db:6e:71:6d,-87,1,HP-Print-f3-LaserJet 300,64:27:37:77:d1:f3,-94,6
2017-10-27 16:16:34,model=Lenovo PB2-690Y,32.16762991,34.80987749,45,Mouly,7c:b7:33:2e:76:73,-81,11,Efrat Networks MM,94:f6:65:5b:b2:28,-87,5,Guest Neetwork MM,94:f6:65:1b:b2:28,-90,5,888Guest,02:8d:db:6e:71:bf,-88,1
2017-10-27 16:16:37,model=Lenovo PB2-690Y,32.1676301,34.80987737,45,888Corp,0a:8d:cb:6e:71:be,-87,44
2017-10-27 16:16:40,model=Lenovo PB2-690Y,32.16763013,34.80987707,45,lavel-2,74:da:38:ae:91:7b,-90,2,smartsell,78:e8:b6:69:2a:e9,-90,11
2017-10-27 16:16:43,model=Lenovo PB2-690Y,32.1676581,34.80985926,43,888Guest,02:8d:db:6e:71:6d,-81,1
2017-10-27 16:16:46,model=Lenovo PB2-690Y,32.16766611,34.80987825,40,888Corp,0a:8d:db:6e:71:be,-81,11
2017-10-27 16:17:04,model=Lenovo PB2-690Y,32.16769849,34.80987688,37,Candan,c0:ff:d4:7b:82:30,-88,1
2017-10-27 16:17:07,model=Lenovo PB2-690Y,32.16769841,34.80987687,37,888Corp,0a:8d:cb:6e:71:6d,-89,44
2017-10-27 16:17:10,model=Lenovo PB2-690Y,32.16769749,34.80987711,37,888Corp,0a:8d:db:6e:71:6d,-81,1,Shaked-Guest WiFi,b0:aa:77:f1:3a:68,-77,11,smartsell,78:e8:b6:69:2a:e9,-80,11,888Corp,0a:8d:cb:6e:71:6d,-83,44,DIRECT-a8-HP M477 LaserJet,aa:6b:ad:04:c6:a8,-72,6,888Corp,0a:8d:cb:6e:71:bf,-84,44,888Free,06:8d:cb:6e:71:6d,-80,44,888Guest,02:8d:cb:6e:71:6d,-81,44
2017-10-27 16:17:13,model=Lenovo PB2-690Y,32.16769734,34.80987698,37,smartsell,78:e8:b6:69:2c:91,-79,1,888Corp,0a:8d:cb:6e:71:be,-82,44,888Guest,02:8d:cb:6e:71:be,-81,44,888Free,06:8d:cb:6e:71:be,-82,44
2017-10-27 16:17:21,model=Lenovo PB2-690Y,32.16767283,34.80988807,38,INGENEO,cc:b2:55:e8:4c:e6,-90,6
2017-10-27 16:17:39,model=Lenovo PB2-690Y,32.16765545,34.80988103,39,kaymeraQA,cc:16:7e:97:1d:90,-95,1
2017-10-27 16:17:42,model=Lenovo PB2-690Y,32.16765024,34.80987851,39,888Guest,02:8d:db:6e:71:c1,-94,11
2017-10-27 16:17:45,model=Lenovo PB2-690Y,32.16764789,34.80987743,39,888Corp,0a:8d:db:6e:71:c1,-90,11,888Free,06:8d:db:6e:71:c1,-89,11
2017-10-27 16:17:51,model=Lenovo PB2-690Y,32.1676438,34.80988461,38,HP-Print-f3-LaserJet 300,64:27:37:77:d1:f3,-89,6
2017-10-27 16:17:54,model=Lenovo PB2-690Y,32.16764348,34.80988548,38,CArgentina,30:b5:c2:bd:55:32,-99,2
2017-10-27 16:18:12,model=Lenovo PB2-690Y,32.16765045,34.80989099,43,EL,14:ae:db:3d:b1:52,-90,9
2017-10-27 16:18:15,model=Lenovo PB2-690Y,32.16764667,34.80989195,41,888Guest,02:8d:db:6e:71:c1,-88,11
2017-10-27 16:18:20,model=Lenovo PB2-690Y,32.16764889,34.80989229,39,,02:8d:db:6e:71:da,-93,11
2017-10-27 16:18:35,model=Lenovo PB2-690Y,32.16764549,34.80988907,41,Gini_Router_R1_LTE,8c:44:35:0f:27:57,-88,1
2017-10-27 16:18:42,model=Lenovo PB2-690Y,32.16739532,34.80953943,38,lavel-2,74:da:38:ae:91:7b,-83,2,Rainbow Guest,a2:6c:ac:f3:6a:69,-93,5,Rainbow Medical,90:6c:ac:f3:6a:69,-94,5
2017-10-27 16:18:45,model=Lenovo PB2-690Y,32.1672194,34.80930495,37,INGENEO,cc:b2:55:e8:4c:e6,-80,6,cactus,a0:4f:d4:42:ba:71,-88,1,kaymeraQA,00:f6:63:15:58:80,-88,1,HP-Print-A0-LaserJet Pro MFP,30:f7:72:6e:8e:a0,-87,6
2017-10-27 16:18:48,model=Lenovo PB2-690Y,32.16702914,34.80908431,37,CArgentina,30:b5:c2:bd:55:32,-90,2,BlueSnap-Guest-2.4GHz,00:02:6f:bb:fd:ac,-84,1,Pitarohecht,00:02:6f:a6:f1:f3,-85,1
2017-10-27 16:18:51,model=Lenovo PB2-690Y,32.16690648,34.80890812,35,EL,14:ae:db:3d:b1:52,-79,9
2017-10-27 16:18:54,model=Lenovo PB2-690Y,32.16686569,34.8088424,35,Mouly,7c:b7:33:2e:76:73,-89,11,888Free,06:8d:db:6e:71:be,-90,11,888Guest,02:8d:db:6e:71:be,-88,11,Guest Neetwork MM,94:f6:65:1b:b2:28,-88,5,888Free,06:8d:db:6e:71:6d,-84,1,HP-Print-A0-LaserJet Pro MFP,30:f7:72:6e:8e:a0,-82,6,Efrat Networks MM,94:f6:65:5b:b2:28,-90,5,HRZBOUTIKUE,14:ae:db:a3:90:15,-77,11,888Corp,0a:8d:db:6e:71:6d,-86,1,Bezeq2.4,14:ae:db:b3:7b:65,-86,6
2017-10-27 16:18:57,model=Lenovo PB2-690Y,32.16681721,34.80873304,35,CMT-ALap,94:10:3e:a8:34:a0,-85,36,ASUS,d0:17:c2:60:e7:38,-88,3,Training Room,8e:15:44:ac:d4:e4,-93,6
2017-10-27 16:19:00,model=Lenovo PB2-690Y,32.16688561,34.80854031,36,HOTFiber-2017,18:1e:78:86:00:63,-81,1,HOTFiber-2017,08:6a:0a:37:66:66,-86,1,Efrat Networks NC,00:1d:aa:34:1e:58,-86,11,kaymeraQA,00:f6:63:3a:f4:80,-88,1,BENY PUR,d8:fe:e3:03:c7:b1,-91,6,BlueSnap-Guest-2.4GHz,c0:56:27:a0:6c:9a,-95,3,KaymeraGuest,00:f6:63:3a:f4:82,-87,1,,fa:8f:ca:93:a5:64,-88,6,0506679780,5a:fe:e3:03:c7:b3,-90,6
2017-10-27 16:19:03,model=Lenovo PB2-690Y,32.16703096,34.80820926,34,INGENEO,cc:b2:55:e8:4c:e6,-81,6,gigi1932,8c:59:c3:a2:9d:69,-84,11
2017-10-27 16:19:06,model=Lenovo PB2-690Y,32.1671744,34.80782731,35,Efrat Networks MM,94:f6:65:5b:b2:28,-91,5,HP-Print-A0-LaserJet Pro MFP,30:f7:72:6e:8e:a0,-87,6,BlueSnap-Guest-2.4GHz,00:02:6f:bb:fd:ac,-82,1,Pitarohecht,00:02:6f:a6:f1:f3,-96,1,EL,14:ae:db:3d:b1:52,-79,9,HRZBOUTIKUE,14:ae:db:a3:90:15,-77,11,Bezeq2.4,14:ae:db:b3:7b:65,-86,6,bacapital,6c:b0:ce:ab:5a:a1,-91,1,Home.,a0:ab:1b:62:a7:bc,-90,1,DIRECT-EA-HP OfficeJet Pro 6960,30:e1:71:c5:17:eb,-91,6
2017-10-27 16:19:09,model=Lenovo PB2-690Y,32.16733646,34.80739313,38,CMT-ALap,94:10:3e:a8:34:a0,-85,36,Efrat Networks NC,00:1d:aa:34:1e:58,-86,11,0506679780,5a:fe:e3:03:c7:b3,-90,6,Barda,00:78:9e:fa:dc:f4,-93,1,Rabia,30:b5:c2:bd:52:40,-84,6,KaymeraGuest,00:f6:63:3a:f4:82,-87,1,NIZZA333,c0:ac:54:f5:e9:c8,-86,11,Training Room,8e:15:44:ac:d4:e4,-93,6,IDO,c4:e9:84:27:0c:aa,-89,11,BENY PUR,d8:fe:e3:03:c7:b1,-91,6
2017-10-27 16:19:12,model=Lenovo PB2-690Y,32.16749167,34.80697148,39,INGENEO,cc:b2:55:e8:4c:e6,-85,6,gigi1932,8c:59:c3:a2:9d:69,-84,11,Barda_2,74:da:38:56:ed:e0,-81,1,edimax_repeater,74:da:38:50:ce:4c,-83,2,Heifes,20:0c:c8:10:c8:11,-81,1,Vexlerar,e4:6f:13:70:97:c4,-90,9,Ester_wifi,84:26:15:eb:2d:b3,-91,11,samra,00:8c:54:8e:39:81,-96,11,Bezeq Free D02536,72:0c:c8:10:c8:12,-81,1
2017-10-27 16:19:15,model=Lenovo PB2-690Y,32.16762402,34.80660841,40,HP-Print-A0-LaserJet Pro MFP,30:f7:72:6e:8e:a0,-87,6,BlueSnap-Guest-2.4GHz,00:02:6f:bb:fd:ac,-82,1,Pitarohecht,00:02:6f:a6:f1:f3,-96,1,EL,14:ae:db:3d:b1:52,-88,9,Casa1,f4:6b:ef:e2:2c:1f,-93,11
2017-10-27 16:19:18,model=Lenovo PB2-690Y,32.16772332,34.80631515,41,Rabia,30:b5:c2:bd:52:40,-89,6,HOTFiber-2017,18:1e:78:86:00:63,-85,1,NIZZA333,c0:ac:54:f5:e9:c8,-86,11,HOTFiber-2017,08:6a:0a:37:66:66,-87,1,IDO,c4:e9:84:27:0c:aa,-89,11,kaymeraQA,00:f6:63:3a:f4:80,-92,1,Vexlerar_2EX,74:da:38:cc:d8:80,-92,9,Home.,a0:ab:1b:62:a7:bc,-80,1,Candan,c0:ff:d4:7b:82:30,-89,1,HP-Print-FB-Officejet Pro 8610,fc:3f:db:f1:00:fb,-90,6
2017-10-27 16:19:24,model=Lenovo PB2-690Y,32.16781318,34.80615399,40,Annatel_3372,74:da:38:a9:0c:3e,-88,2,DIRECT-17-HP DeskJet 3830 series,94:57:a5:4a:f4:89,-90,11,shor_Ext,e2:91:f5:b6:ec:a8,-91,11
2017-10-27 16:19:27,model=Lenovo PB2-690Y,32.16783735,34.80613712,39,Home,14:ae:db:53:0c:2d,-91,6
2017-10-27 16:19:32,model=Lenovo PB2-690Y,32.16784549,34.80612795,39,Hazan_Home,18:d6:c7:ef:1e:a4,-89,11
2017-10-27 16:19:38,model=Lenovo PB2-690Y,32.16799325,34.80577507,40,Heifes,20:0c:c8:10:c8:11,-94,1,Bezeq Free D02536,72:0c:c8:10:c8:12,-92,1
2017-10-27 16:19:44,model=Lenovo PB2-690Y,32.16808238,34.80498734,40,Annatel_3372,74:da:38:a9:0c:3e,-89,2,Home,14:ae:db:53:0c:2d,-91,6,Hazan_Home,18:d6:c7:ef:1e:a4,-89,11,BezeqFree,62:8d:78:50:6a:13,-84,11,gabriel,90:8d:78:50:6a:12,-85,11,gabriel,48:ee:0c:ea:e7:f0,-86,6,shlomo1,00:8c:54:8f:59:51,-86,6
2017-10-27 16:19:47,model=Lenovo PB2-690Y,32.16811014,34.80456402,39,Heifes,20:0c:c8:10:c8:11,-92,1,Bezeq Free D02536,72:0c:c8:10:c8:12,-92,1,hagit_2.4,6c:b0:ce:33:a4:d5,-88,1,Tamara,14:ae:db:b0:41:25,-89,11,Home2,ac:f1:df:9d:f7:91,-90,11,Grosman_sec,c4:a8:1d:13:61:b5,-92,1,ida,c0:c1:c0:ce:4d:06,-92,11,Mwanza,48:ee:0c:3e:cb:98,-88,3,Bezeq Free,5a:b0:ce:33:a4:d6,-88,1
2017-10-27 16:19:50,model=Lenovo PB2-690Y,32.16815321,34.80414284,39,HP-Print-36-Officejet Pro 6830,dc:4a:3e:be:0a:36,-84,11,irit,c0:ac:54:f7:82:21,-86,11,zina 1932,c0:ac:54:f8:b3:93,-90,11
2017-10-27 16:19:53,model=Lenovo PB2-690Y,32.16821204,34.80379573,40,BezeqFree,62:8d:78:50:6a:13,-84,11,gabriel,90:8d:78:50:6a:12,-85,11,Biana_n,14:ae:db:b2:8e:75,-86,11,netbo1,d0:d4:12:68:0a:0a,-92,11,gregori120,f8:d1:11:35:00:4a,-91,6,SHURSH,00:22:3f:80:0d:4e,-96,9,TP-LINK_UKTVWATCH_EXT,8a:1b:5e:83:d7:c2,-93,8,gabriel,48:ee:0c:ea:e7:f0,-86,6,Armond,a0:ab:1b:59:3b:00,-94,1,shlomo1,00:8c:54:8f:59:51,-90,6
2017-10-27 16:19:56,model=Lenovo PB2-690Y,32.16824883,34.80357351,39,klara-012,c4:12:f5:fd:d1:94,-84,2,anna2.4,a0:ab:1b:62:76:ac,-88,2,DIRECT-06-HP OfficeJet Pro 8710,70:5a:0f:a2:3f:61,-91,6,gella555,00:22:b0:75:7d:eb,-91,6
2017-10-27 16:19:59,model=Lenovo PB2-690Y,32.16825198,34.80351026,38,hagit_2.4,6c:b0:ce:33:a4:d5,-88,1,Tamara,14:ae:db:b0:41:25,-90,11,Home2,ac:f1:df:9d:f7:91,-90,11,Grosman_sec,c4:a8:1d:13:61:b5,-92,1,ida,c0:c1:c0:ce:4d:06,-88,11,Mwanza,48:ee:0c:3e:cb:98,-88,3,Bezeq Free,5a:b0:ce:33:a4:d6,-88,1,HOT123,c0:ac:54:f6:c5:4b,-87,1,Bezeq-N_c5c5a1,5c:d9:98:c5:c5:a2,-93,6
2017-10-27 16:20:03,model=Lenovo PB2-690Y,32.16826063,34.80352491,38,DIRECT-06-HP OfficeJet Pro 8710,70:5a:0f:a2:3f:61,-84,6,svetlana,14:ae:db:44:c5:45,-92,6,Student,82:2a:a8:18:13:88,-90,11,smadarwifi,80:2a:a8:18:13:88,-93,11
2017-10-27 16:20:22,model=Lenovo PB2-690Y,32.16825268,34.80336019,35,opus7,c4:12:f5:84:50:40,-84,8,BezeqFree,6a:12:f5:84:50:41,-85,8,tania_2.4,70:62:b8:31:1d:80,-89,11,HOTBOX,7c:03:4c:fe:ba:1b,-93,1
2017-10-27 16:20:25,model=Lenovo PB2-690Y,32.16826319,34.80313113,35,klara-012,c4:12:f5:fd:d1:94,-77,2
2017-10-27 16:20:28,model=Lenovo PB2-690Y,32.16827825,34.80290377,35,bz46564990,48:ee:0c:3a:19:c7,-92,10,elneuron,e8:fc:af:92:b9:87,-91,1,smadarwifi,44:d9:e7:04:ff:2d,-92,6,770,ec:22:80:b3:2e:10,-92,6
2017-10-27 16:20:31,model=Lenovo PB2-690Y,32.16829847,34.80263893,35,Biana_n,14:ae:db:b2:8e:75,-86,11,netbo1,d0:d4:12:68:0a:0a,-93,11,SHURSH,00:22:3f:80:0d:4e,-93,9,elneuron,e8:fc:af:92:b9:87,-84,1,Student,56:d9:e7:f3:03:78,-87,48,GRATCH,04:bd:88:01:59:a0,-82,11,hertzlia,3c:1e:04:04:4f:91,-85,11,smadarwifi,44:d9:e7:04:ff:fa,-87,11,dserota,00:1b:9e:7a:43:13,-88,6,vue sur mer_2.4,a4:2b:8c:98:db:d2,-89,1
2017-10-27 16:20:34,model=Lenovo PB2-690Y,32.16831093,34.80237038,35,Student,82:2a:a8:18:13:88,-90,11,smadarwifi,80:2a:a8:18:13:88,-94,11,GRATCH,04:bd:88:00:fc:00,-81,11,HP-Print-C4-Officejet Pro 6830,28:80:23:cf:e9:c4,-83,6,BezeqFree,06:ae:db:b1:ac:0d,-84,11,svetlana,14:ae:db:44:c5:45,-92,6,rrl,c0:ff:d4:7b:6b:c2,-84,11,770,ec:22:80:b3:2e:10,-84,6,770,14:ae:db:b1:ac:0d,-88,11,Bezeq-N_c5c5a1,5c:d9:98:c5:c5:a2,-92,6
2017-10-27 16:20:37,model=Lenovo PB2-690Y,32.1683407,34.80209549,34,tania_2.4,70:62:b8:31:1d:80,-89,11,HOTBOX-81C2,7c:03:4c:ba:aa:42,-77,6,GRATCH,04:bd:88:00:e1:50,-88,36,BezeqFree,6a:12:f5:84:50:41,-86,8,DIRECT-90-HP DeskJet 3630 series,70:5a:0f:5b:0f:91,-88,11,opus7,c4:12:f5:84:50:40,-86,8,HomeVFS,7c:b7:33:bf:bb:5f,-83,6,klara-012,c4:12:f5:fd:d1:94,-84,2,vue sur mer_2.4,a4:2b:8c:98:db:d2,-83,1,GRATCH,04:bd:88:00:e1:40,-81,1
2017-10-27 16:20:40,model=Lenovo PB2-690Y,32.16837178,34.80181903,35,bz46564990,48:ee:0c:3a:19:c7,-93,10,smadarwifi,44:d9:e7:04:ff:2d,-92,6,dserota,00:1b:9e:7a:43:13,-79,6,vue sur mer_2.4,a4:2b:8c:98:db:d2,-76,1,Dav,c0:d9:62:f5:17:d9,-90,6,Claude,d0:d4:12:5c:c3:6a,-83,11,Yoels,00:8c:54:8b:ec:e1,-86,6,I.L.L,a0:63:91:78:40:b2,-88,11,Galei1,d8:fe:e3:02:d1:01,-93,11
2017-10-27 16:20:43,model=Lenovo PB2-690Y,32.16841015,34.8014927,36,hertzlia,3c:1e:04:04:4f:91,-85,11,smadarwifi,44:d9:e7:04:ff:fa,-87,11,MEIR_5,a0:4f:d4:2c:5e:12,-87,52,Student,56:d9:e7:f3:03:78,-87,48,gary-flat,28:c6:8e:37:ab:72,-82,11,Elbaze,e0:ce:c3:19:c6:e6,-88,11,HOTBOX-3DFD,f4:6b:ef:e2:2b:25,-89,1,GRATCH,04:bd:88:01:59:a0,-83,11,Gay splays,00:78:9e:fa:8b:23,-81,6,simba6,d8:37:be:f1:86:c9,-76,7
2017-10-27 16:20:46,model=Lenovo PB2-690Y,32.16844882,34.80120414,35,GRATCH,04:bd:88:00:fc:00,-81,11,BezeqFree,06:ae:db:b1:ac:0d,-88,11,rrl,c0:ff:d4:7b:6b:c2,-84,11,770,14:ae:db:b1:ac:0d,-88,11,AHARON,5c:d9:98:c6:33:56,-92,6,HOTBOX-3DFD,b4:ee:b4:a7:3e:03,-78,1,stefan,e0:ce:c3:8c:2b:5a,-80,6,Bezeq Free,5a:b0:ce:33:a4:d6,-78,1,preminger,c0:ac:54:f5:b1:84,-80,6,elneuron,e8:fc:af:92:b9:87,-77,1
2017-10-27 16:20:49,model=Lenovo PB2-690Y,32.16846448,34.80091936,32,GRATCH,04:bd:88:00:e1:50,-88,36,pollock5,04:a1:51:d0:22:a6,-86,60,HOTBOX-81C2,7c:03:4c:ba:aa:42,-77,6,bz18073460,14:ae:db:c4:9f:9a,-82,10,Partner-4G-E068,1c:67:58:cc:e0:68,-91,10,HomeVFS,7c:b7:33:bf:bb:5f,-81,6,rubinstein,e8:cc:18:ec:a6:64,-75,6,davidr,c8:be:19:10:99:d1,-79,6,pollock24,04:a1:51:d0:22:a5,-81,3,GRATCH,04:bd:88:00:e1:40,-81,1
2017-10-27 16:20:52,model=Lenovo PB2-690Y,32.16849288,34.80064482,34,dserota,00:1b:9e:7a:43:13,-79,6,vue sur mer_2.4,a4:2b:8c:98:db:d2,-76,1,Dav,c0:d9:62:f5:17:d9,-90,6,Claude,d0:d4:12:5c:c3:6a,-83,11,Yoels,00:8c:54:8b:ec:e1,-86,6,I.L.L,a0:63:91:78:40:b2,-88,11,Galei1,d8:fe:e3:02:d1:01,-93,11
2017-10-27 16:20:54,model=Lenovo PB2-690Y,32.16851102,34.80047649,35,MEIR_5,a0:4f:d4:2c:5e:12,-87,52,Galei1,d8:fe:e3:02:d1:01,-87,11,gary-flat,28:c6:8e:37:ab:72,-88,11,Elbaze,e0:ce:c3:19:c6:e6,-90,11,Chen,14:ae:db:30:c9:d2,-85,2,BezeqFree,06:ae:db:ba:2d:35,-85,1,BezeqFree,14:af:db:30:c9:d2,-87,2,netbox,d0:d4:12:67:a1:fa,-84,1,,fa:8f:ca:7c:70:2f,-90,11,MEIR_2.4,a0:4f:d4:2c:5e:11,-85,1
2017-10-27 16:20:57,model=Lenovo PB2-690Y,32.16854703,34.80030064,34,Bourne,10:0d:7f:88:fd:88,-89,11,,88:de:a9:bf:04:2b,-89,11,IIT,ec:8c:a2:a1:25:c8,-90,6,steeletennis,00:21:04:e8:c5:8a,-93,11,DanAccadia,0c:f4:d5:1b:3f:68,-81,11,Dune,a0:0a:bf:0a:e0:16,-86,7,DanAccadia,d8:38:fc:26:02:98,-90,6
2017-10-27 16:21:01,model=Lenovo PB2-690Y,32.16858542,34.80020728,37,Marine-Heights,d4:68:4d:39:23:b8,-84,11,DanAccadia,0c:f4:d5:1b:3f:6c,-91,58,,d8:38:fc:66:02:98,-81,6,martin,54:e6:fc:b5:14:c2,-91,9,DanAccadia,d8:38:fc:26:02:98,-85,6,DanAccadia,d8:38:fc:26:fd:18,-89,4,Benhamou,c4:12:f5:f5:45:f6,-83,3,BezeqNGN_J03015_2.4GHz_1,e8:fc:af:9d:69:be,-82,1,silverbeck,3c:1e:04:03:71:97,-91,1,Bezeq Free,62:fc:af:9d:69:bf,-84,1
2017-10-27 16:21:03,model=Lenovo PB2-690Y,32.16865005,34.80016462,37,stefan,e0:ce:c3:8c:2b:5a,-83,6,preminger,c0:ac:54:f5:b1:84,-80,6,Ellman-2.4Ghz,04:a1:51:c4:27:6e,-84,6,NET0130335,d0:d4:12:5c:4d:4a,-83,1,DIRECT-51-HP DeskJet 4670 series,30:e1:71:f0:7b:52,-83,10,feelhome,c0:ac:54:f7:3f:be,-89,1,Davis,1c:5f:2b:91:45:b1,-92,1
2017-10-27 16:21:06,model=Lenovo PB2-690Y,32.16881248,34.80015942,36,Davis,1c:5f:2b:91:45:b1,-87,1,SavantS,e4:f4:c6:d8:e8:60,-72,6,Video Connection,6c:b0:ce:e8:2a:b0,-84,1,HOTBOX-718A,c0:ac:54:f7:c6:78,-86,6,Video Connection,6c:b0:ce:e8:29:c0,-92,11
2017-10-27 16:21:08,model=Lenovo PB2-690Y,32.16895206,34.80017686,38,Daniela,14:ae:db:32:cf:42,-96,7
2017-10-27 16:21:11,model=Lenovo PB2-690Y,32.1692159,34.80022603,35,martin,54:e6:fc:b5:14:c2,-86,9,marcus 1,74:da:38:30:26:6f,-91,2,Video Connection,6c:b0:ce:e8:2a:50,-88,1,island-3927A0,d4:68:4d:79:27:a3,-92,9
2017-10-27 16:21:14,model=Lenovo PB2-690Y,32.16947007,34.80029112,35,ISRAEL26,54:e6:fc:cc:5a:b8,-92,11,HOTBOX-62D0,54:64:d9:66:27:79,-89,1,angelina,bc:f6:85:0d:5b:c0,-92,6,HP-Print-45-Deskjet 4640 series,5c:b9:01:6a:8c:45,-90,6
2017-10-27 16:21:17,model=Lenovo PB2-690Y,32.16970586,34.8003408,38,DanAccadia,0c:f4:d5:1b:3f:68,-82,11,Marine-Heights,d4:68:4d:39:23:b8,-91,11,stefan,e0:ce:c3:8c:2b:5a,-83,6,,d4:68:4d:b9:23:b3,-91,11,DanAccadia,d8:38:fc:26:02:98,-83,6,TopAudio,e4:f4:c6:4d:c7:5c,-87,6,Benhamou,c4:12:f5:f5:45:f6,-88,3,feelhome,c0:ac:54:f7:3f:be,-89,1,Bezeq Free,62:fc:af:9d:69:bf,-87,1,NET0130335,d0:d4:12:5c:4d:4a,-83,1
2017-10-27 16:21:20,model=Lenovo PB2-690Y,32.1698537,34.80041581,35,Davis,1c:5f:2b:91:45:b1,-94,1,SavantS,e4:f4:c6:d8:e8:60,-85,6,Video Connection,6c:b0:ce:e8:2a:b0,-92,1,HOTBOX-718A,c0:ac:54:f7:c6:78,-89,6,Video Connection,6c:b0:ce:e8:29:c0,-92,11,Bubble Wifi,74:ea:3a:e5:4f:02,-85,6,HOTBOX-62D0_2EX,74:da:38:a6:3c:32,-88,1,TopAudio,04:a1:51:2f:f2:be,-92,6
2017-10-27 16:21:23,model=Lenovo PB2-690Y,32.16999698,34.80047799,33,Daniela,14:ae:db:32:cf:42,-92,7,Chenriko,c8:be:19:13:21:d6,-98,3
2017-10-27 16:21:26,model=Lenovo PB2-690Y,32.17015135,34.80053822,30,DIRECT-D8-HP OfficeJet Pro 8710,98:e7:f4:42:4e:d9,-88,6,phily,2c:b0:5d:40:dc:ac,-92,11,HOTBOX-CB76,40:65:a3:2d:81:47,-93,1,Rosaness,84:18:3a:1c:b7:18,-96,1
2017-10-27 16:21:30,model=Lenovo PB2-690Y,32.1704695,34.80067669,29,martin,54:e6:fc:b5:14:c2,-93,9,gidron,f8:0b:cb:51:74:e8,-82,1,ERSS91,30:b5:c2:da:24:b4,-88,11,Chana,10:be:f5:3d:80:3a,-90,9,irisuites,00:78:9e:fb:30:e8,-90,6,GP25665584,f6:dd:9e:7a:1a:4f,-92,1,HOTBOX-628D,d8:fb:5e:17:62:93,-92,6,Kalderon,c0:ac:54:f8:e8:f5,-93,1,duitch,00:1d:7e:55:ad:b9,-95,11
2017-10-27 16:21:33,model=Lenovo PB2-690Y,32.1707069,34.80079707,29,Benhamou,c4:12:f5:f5:45:f6,-89,3,angelina,bc:f6:85:0d:5b:c0,-89,6,HP-Print-45-Deskjet 4640 series,5c:b9:01:6a:8c:45,-86,6,TopAudio,e4:f4:c6:4d:c7:5c,-88,6,Rosaness,84:18:3a:1c:b7:18,-91,1,ohait1,bc:67:1c:41:3a:03,-85,5,Vnet-t,ec:8c:a2:08:9f:38,-94,9,daniel,e8:1d:a8:05:01:38,-89,1,Bezeq Free NA1F34,72:2b:8c:99:02:06,-93,1
2017-10-27 16:21:36,model=Lenovo PB2-690Y,32.17094993,34.80087842,28,Rosaness,84:18:3a:1c:b7:1c,-78,60,HOTBOX-718A,c0:ac:54:f7:c6:78,-89,6,annita,7c:b7:33:be:e3:b6,-84,11,Bubble Wifi,74:ea:3a:e5:4f:02,-85,6,Rosaness,84:18:3a:1d:3b:b8,-86,11,HOTBOX-62D0_2EX,74:da:38:a6:3c:32,-90,1,,54:b8:0a:31:22:c0,-90,11,TopAudio,04:a1:51:2f:f2:be,-84,6,TopAudio,4c:60:de:d1:da:80,-83,6,Davis,1c:5f:2b:91:45:b1,-94,1
2017-10-27 16:21:38,model=Lenovo PB2-690Y,32.17109214,34.80094499,28,Rosaness,84:18:3a:1d:3b:b8,-80,11,ortheal-808,14:ae:db:c2:7c:f5,-84,11,Rosaness,84:18:3a:1c:c9:a8,-84,1,daniel,e8:1d:a8:04:fe:98,-84,9,daniel,e8:1d:a8:04:fa:68,-84,11
2017-10-27 16:21:41,model=Lenovo PB2-690Y,32.17128287,34.80103883,27,phily,2c:b0:5d:40:dc:ac,-92,11,daniel,e8:1d:a8:04:fc:08,-82,11,HOTBOX-8C78,c0:ac:54:f8:57:42,-79,9,MatchBoxAir,30:b5:c2:3d:a9:0a,-82,11,Vnet-t,ec:8c:a2:08:9f:38,-89,9,DIRECT-7B-HP DeskJet 4670 series,30:e1:71:f0:a7:7c,-88,6,GP25665584,f6:dd:9e:7a:1a:4f,-74,1,daniel,e8:1d:a8:03:91:58,-78,6,Vnet-t,ec:8c:a2:0a:04:88,-88,4,daniel,e8:1d:a8:05:01:58,-85,4
2017-10-27 16:21:45,model=Lenovo PB2-690Y,32.17146967,34.80111252,28,Chana,10:be:f5:3d:80:3a,-90,9,duitch,00:1d:7e:55:ad:b9,-93,11,Logitech,d8:38:fc:5c:e6:58,-89,7,daniel,e8:1d:a8:04:ff:88,-82,1,daniel,e8:1d:a8:05:03:08,-84,1,daniel,e8:1d:a8:04:fb:e8,-85,6,daniel,e8:1d:a8:03:91:48,-86,8,daniel,e8:1d:a8:04:fa:08,-90,3,daniel,d8:38:fc:1c:e6:58,-90,7,daniel,90:f6:52:55:86:37,-89,11
2017-10-27 16:21:48,model=Lenovo PB2-690Y,32.17165634,34.80118038,28,NIPPON_3575,08:97:58:32:d1:b8,-79,5,daniel,e8:1d:a8:05:0f:cc,-87,52,daniel,e8:1d:a8:05:15:78,-84,6,daniel,e8:1d:a8:05:0f:c8,-87,4
2017-10-27 16:21:51,model=Lenovo PB2-690Y,32.17183759,34.80126227,30,ohait1,bc:67:1c:41:3a:03,-89,5,TREEHOUSE,c4:12:f5:7f:5a:15,-79,6,kenedy,e8:94:f6:b7:4f:54,-84,5,HOTBOX2,7c:b7:33:2c:b9:21,-83,11,ey,b4:ee:b4:ac:f4:a3,-86,1,HOTBOX-A333,08:6a:0a:22:a3:39,-92,1,daniel,e8:1d:a8:05:0a:28,-85,11,daniel,e8:1d:a8:04:fa:a8,-89,11
2017-10-27 16:21:53,model=Lenovo PB2-690Y,32.17192733,34.80130289,30,TopAudio,4c:60:de:d1:da:80,-77,6,HOTBOX-4E11,7c:b7:33:2e:4e:17,-84,1,DIRECT-1F-HP DeskJet 3700 series,30:e1:71:fd:c3:20,-85,6
2017-10-27 16:21:56,model=Lenovo PB2-690Y,32.17211148,34.8013815,30,Rosaness,84:18:3a:1c:b7:18,-83,1,Vnet-t,ec:8c:a2:08:9f:38,-79,9,ey,b4:ee:b4:ac:f4:a3,-81,1,deborah,14:ae:db:57:4e:4d,-82,1,RIVKA,9c:d3:6d:bf:8a:64,-93,9,huglin home 2.4GHz,70:62:b8:30:e8:df,-83,1
2017-10-27 16:22:00,model=Lenovo PB2-690Y,32.17235211,34.80147664,32,GP25665584,f6:dd:9e:7a:1a:4f,-81,1,HOTBOX-8C78,c0:ac:54:f8:57:42,-85,9,MatchBoxAir,30:b5:c2:3d:a9:0a,-80,11,Vnet-t,ec:8c:a2:0a:04:88,-83,4,daniel,e8:1d:a8:05:01:58,-88,4,ortheal-808,14:ae:db:c2:7c:f5,-79,11,HOTBOX-1,40:65:a3:2b:58:68,-82,11,123uoses,00:12:2a:31:b9:dc,-88,9,dlink,1c:bd:b9:e7:5b:a0,-90,6
2017-10-27 16:22:03,model=Lenovo PB2-690Y,32.17248602,34.80158775,31,Chana,10:be:f5:3d:80:3a,-91,9,123uoses,00:12:2a:31:b9:dc,-83,9,toffy,00:1d:aa:80:94:4c,-82,9,daniel,e8:1d:a8:03:91:48,-90,8,DIRECT-53-HP DeskJet 3830 series,fc:3f:db:a0:28:77,-86,6,daniel,e8:1d:a8:04:fb:e8,-86,6,Claes,a0:4f:d4:3d:16:01,-81,1, jacob1,b4:ee:b4:f9:7a:1b,-81,1,amir1,14:ae:db:39:a9:2d,-85,6,orchid,f0:3e:90:0f:6b:58,-85,1
2017-10-27 16:22:06,model=Lenovo PB2-690Y,32.17257922,34.80168541,32,orchid,f0:3e:90:0f:6b:58,-79,1,1602,d8:5d:4c:ca:4c:5a,-90,4,appa901,c4:04:15:1a:50:b4,-90,11,Ykov,00:78:9e:fa:61:49,-90,11,Wireless,02:1f:c6:8b:69:1d,-89,11
2017-10-27 16:22:09,model=Lenovo PB2-690Y,32.17271913,34.80164867,33,orchid,f0:3e:90:0f:6b:b8,-84,11
2017-10-27 16:22:12,model=Lenovo PB2-690Y,32.17265603,34.80149871,35,amir1,14:ae:db:39:a9:2d,-80,6,appa901,c4:04:15:1a:50:b4,-84,11,Wireless,02:1f:c6:8b:69:1d,-84,11,nilly,00:78:9e:fa:9d:51,-91,11,HOTBOX-F3BE,c0:ac:54:f6:e1:ec,-92,11,HP-Print-F3-Officejet 6700,88:51:fb:08:ad:f3,-93,6,orchid,f0:3e:90:0f:58:78,-89,1
2017-10-27 16:22:15,model=Lenovo PB2-690Y,32.17246041,34.80146374,38,TopAudio-N,90:a7:c1:14:e3:b4,-89,4,HOTBOX-A8E3,08:6a:0a:22:a8:e9,-89,1,BezeqFree,5a:be:f5:43:ab:af,-90,10,Yonch,10:be:f5:43:ab:ae,-91,10,rdpokecoke2,bc:f6:85:0d:22:cb,-90,6,orchid,24:79:2a:0e:0f:e8,-89,1
2017-10-27 16:22:21,model=Lenovo PB2-690Y,32.17197315,34.80129989,38,carmi,9c:d3:6d:c2:64:81,-91,9
2017-10-27 16:22:24,model=Lenovo PB2-690Y,32.17185891,34.80124727,41,doram012,00:90:8f:2b:c0:5c,-90,8,taieb,e0:ce:c3:8a:7b:d0,-90,1,HOTBOX-E99C,6c:2e:85:fe:95:f7,-91,1,island-3C7420,0c:f4:d5:7c:74:23,-92,6,daniel,e8:1d:a8:03:91:08,-83,6
2017-10-27 16:22:27,model=Lenovo PB2-690Y,32.1718311,34.80121825,40,daniel,00:27:19:e8:a8:ef,-89,3
2017-10-27 16:22:30,model=Lenovo PB2-690Y,32.17182204,34.80118578,37,GOT,c8:be:19:11:b7:73,-85,6
2017-10-27 16:22:35,model=Lenovo PB2-690Y,32.17178599,34.80117171,39,allen123,54:e6:fc:b5:39:9e,-89,11
2017-10-27 16:22:37,model=Lenovo PB2-690Y,32.17173543,34.80114287,40,Hanna,00:8c:54:91:a5:61,-84,1,orchid,f0:3e:90:0f:6b:38,-90,11
2017-10-27 16:22:43,model=Lenovo PB2-690Y,32.17159708,34.80108199,41,hayti,34:08:04:03:99:ec,-96,9,daniel,e8:1d:a8:03:91:88,-84,6,daniel,d8:38:fc:1c:a6:38,-86,1,daniel,e8:1d:a8:03:6c:68,-88,1
2017-10-27 16:22:46,model=Lenovo PB2-690Y,32.17146993,34.80103098,40,Chana,10:be:f5:3d:80:3a,-90,9,1008,f8:e9:03:13:84:93,-84,11,EDIMAX,80:1f:02:93:bb:be,-88,11,daniel,e8:1d:a8:03:91:48,-85,8,daniel,d8:38:fc:1c:da:c8,-89,4
2017-10-27 16:22:49,model=Lenovo PB2-690Y,32.17132967,34.80097018,36,allen123,54:e6:fc:b5:39:9e,-84,11,HOTBOX-8C78,c0:ac:54:f8:57:42,-78,9,rebecca,f0:7d:68:17:cd:fa,-84,6,laufer_home,30:b5:c2:94:88:d0,-93,2,daniel,d8:38:fc:1c:e6:58,-81,7,hazout,14:ae:db:b7:a6:05,-85,6,Logitech,d8:38:fc:5c:e6:58,-81,7,daniel,e8:1d:a8:05:01:58,-85,4,HOTBOX-A8E3,08:6a:0a:22:a8:e9,-90,1,daniel,e8:1d:a8:04:fd:f8,-87,1
2017-10-27 16:22:52,model=Lenovo PB2-690Y,32.17114566,34.80089219,37,Chana,10:be:f5:3d:80:3a,-84,9,Zeitlin1-Salon,60:e3:27:9e:8a:ea,-94,11,daniel,e8:1d:a8:05:0c:98,-80,6,daniel,e8:1d:a8:04:fb:e8,-86,6
2017-10-27 16:22:55,model=Lenovo PB2-690Y,32.17091575,34.80080423,39,Vnet-t,ec:8c:a2:08:9f:38,-90,9,TopAudio,4c:60:de:d1:da:80,-80,6,HOTBOX-4E11,7c:b7:33:2e:4e:17,-87,1,Rosaness,84:18:3a:1c:b7:18,-75,1,TP-LINK_MENASHE,14:cc:20:93:1f:50,-83,11,Rosaness,84:18:3a:1d:3b:bc,-87,52,toffy,00:1d:aa:80:94:34,-91,3,hpsetup,8a:ff:b4:f8:5c:3a,-89,6,daniel,90:f6:52:55:88:91,-93,11
2017-10-27 16:22:58,model=Lenovo PB2-690Y,32.1706614,34.80073339,35,TREEHOUSE,c4:12:f5:7f:5a:15,-86,6,doram012,00:90:8f:2b:c0:5c,-91,8,daniel,e8:1d:a8:05:0a:28,-87,11,ohait1,bc:67:1c:41:3a:03,-86,5,MatchBoxAir,30:b5:c2:3d:a9:0a,-90,11,HP-Print-A9-Officejet Pro 6830,dc:4a:3e:39:b0:a9,-92,10
2017-10-27 16:23:01,model=Lenovo PB2-690Y,32.17038651,34.80062195,34,NIPPON_3575,08:97:58:32:d1:b8,-84,5,daniel,e8:1d:a8:05:15:78,-88,6,daniel,d8:38:fc:1c:a6:38,-85,1,daniel,e8:1d:a8:04:ff:88,-87,1,1008,f8:e9:03:13:84:93,-84,11,EDIMAX,80:1f:02:93:bb:be,-88,11,daniel,e8:1d:a8:03:91:48,-85,8,daniel,d8:38:fc:1c:da:c8,-89,4,daniel,e8:1d:a8:05:03:08,-82,1,daniel,e8:1d:a8:04:fa:08,-86,3
2017-10-27 16:23:04,model=Lenovo PB2-690Y,32.17014829,34.80053654,33,allen123,54:e6:fc:b5:39:9e,-84,11,daniel,d8:38:fc:1c:e6:58,-86,7,daniel,e8:1d:a8:04:fc:08,-88,11,HOTBOX-8C78,c0:ac:54:f8:57:42,-78,9,daniel,e8:1d:a8:03:91:58,-91,6,phily,2c:b0:5d:40:dc:ac,-93,11,rebecca,f0:7d:68:17:cd:fa,-84,6,GIdron2,00:10:f3:69:ea:f4,-89,6,Santosaudio_2.4,c0:ff:d4:c2:48:84,-92,4,Logitech,d8:38:fc:5c:e6:58,-89,7
2017-10-27 16:23:07,model=Lenovo PB2-690Y,32.17006781,34.80050789,33,Rosaness,84:18:3a:1d:3b:b8,-83,11,daniel,e8:1d:a8:04:fa:68,-88,11,Chana,10:be:f5:3d:80:3a,-93,9,Zeitlin1-Salon,60:e3:27:9e:8a:ea,-94,11,daniel,e8:1d:a8:05:0c:98,-80,6,daniel,e8:1d:a8:04:fb:e8,-86,6,Rosaness,84:18:3a:1c:c9:a8,-89,1,HOTBOX-62D0_2EX,74:da:38:a6:3c:32,-82,1
2017-10-27 16:23:10,model=Lenovo PB2-690Y,32.17004183,34.80050113,33,lazare2.4,a4:2b:8c:99:02:05,-91,1,Bezeq Free 0a5352,62:a3:86:0a:53:52,-90,6
2017-10-27 16:23:13,model=Lenovo PB2-690Y,32.17003707,34.80050995,33,,d8:38:fc:66:02:98,-91,6
2017-10-27 16:23:17,model=Lenovo PB2-690Y,32.16991686,34.80048569,31,DIRECT-51-HP DeskJet 4670 series,30:e1:71:f0:7b:52,-94,10
2017-10-27 16:23:20,model=Lenovo PB2-690Y,32.16971928,34.80041492,30,Bubble Wifi,74:ea:3a:e5:4f:02,-87,6,HP-Print-5C-Officejet Pro 8600,84:34:97:ac:a1:5c,-94,1
2017-10-27 16:23:22,model=Lenovo PB2-690Y,32.16953355,34.80035958,30,Benhamou,c4:12:f5:f5:45:f6,-93,3,HP-Print-45-Deskjet 4640 series,5c:b9:01:6a:8c:45,-87,6,Bezeq Free NA1F34,72:2b:8c:99:02:06,-92,1,HOTBOX-62D0,54:64:d9:66:27:79,-80,1
2017-10-27 16:23:25,model=Lenovo PB2-690Y,32.16925266,34.80028248,25,Benhamou,c4:12:f5:f5:45:f6,-88,3,,0c:f4:d5:5b:49:38,-91,7,HP-Print-33-Deskjet 4640 series,a0:48:1c:65:96:33,-91,1,DanAccadia,0c:f4:d5:1b:49:38,-90,7
2017-10-27 16:23:28,model=Lenovo PB2-690Y,32.16896675,34.80022497,25,Chana,10:be:f5:3d:80:3a,-93,9,HOTBOX-62D0_2EX,74:da:38:a6:3c:32,-85,1,Bezeq Free 0a5352,62:a3:86:0a:53:52,-93,6,,d8:38:fc:66:02:98,-91,6,DIRECT-51-HP DeskJet 4670 series,30:e1:71:f0:7b:52,-83,10,Mishayev,e0:8f:ec:05:fb:f7,-84,6,HOTBOX-E698,e8:d1:1b:71:e6:9e,-88,6,Gold,a0:4f:d4:44:36:71,-90,1
2017-10-27 16:23:31,model=Lenovo PB2-690Y,32.16873071,34.8001699,25,Video Connection,6c:b0:ce:e8:2a:b0,-83,1,HOTBOX-3DFD,b4:ee:b4:a7:3e:03,-85,1,SavantS,e4:f4:c6:d8:e8:60,-84,6,,d8:38:fc:66:dc:38,-89,4,DanAccadia,d8:38:fc:26:dc:38,-86,4,BezeqNGN_98087,4c:60:de:42:20:28,-87,11,,fa:8f:ca:67:d0:69,-88,3,Bezeq Free 3A4428,62:ff:d4:7a:ac:3a,-90,11,DanAccadia,d8:38:fc:25:9d:28,-90,4
2017-10-27 16:23:34,model=Lenovo PB2-690Y,32.16857669,34.80014154,27,Happy Home Network,c0:a0:bb:cc:e2:3a,-89,1,island-3927A0,d4:68:4d:79:27:a3,-87,9,Bezeq Free,62:fc:af:9d:69:bf,-87,1,Treepodia_WIFI2,90:6c:ac:a9:dd:ba,-92,11,Davis,1c:5f:2b:91:45:b1,-85,1,Video Connection,6c:b0:ce:e8:29:c0,-88,11,Lazar,54:e6:fc:ff:72:1f,-90,6
2017-10-27 16:23:37,model=Lenovo PB2-690Y,32.16840058,34.80011614,28,HP-Print-45-Deskjet 4640 series,5c:b9:01:6a:8c:45,-90,6,HOTBOX-62D0,54:64:d9:66:27:79,-83,1,ISRAEL26,54:e6:fc:cc:5a:b8,-90,11,SavantS,e4:f4:c6:d8:e8:60,-77,6,,0c:f4:d5:5b:d8:38,-86,1,,d8:38:fc:65:9d:28,-88,4,Marine-Heights,d4:68:4d:39:23:b8,-88,11,DanAccadia,0c:f4:d5:1b:e1:58,-85,4,TNCAPE5A34D,9c:97:26:8a:43:e1,-88,1,DanAccadia,d8:38:fc:26:dd:d8,-90,8
2017-10-27 16:23:40,model=Lenovo PB2-690Y,32.16820938,34.80009418,26,Benhamou,c4:12:f5:f5:45:f6,-84,3,HP-Print-33-Deskjet 4640 series,a0:48:1c:65:96:33,-89,1,island-3927A0,d4:68:4d:79:27:a3,-81,9,DanAccadia,d8:38:fc:26:dc:38,-81,4,Rozalin.co.il,08:5b:0e:8e:06:97,-83,1,Daniela,14:ae:db:32:cf:42,-84,7,,d8:38:fc:66:dd:d8,-88,8,HP-Print-99-Officejet 6700,84:34:97:1c:cd:99,-91,6
2017-10-27 16:23:43,model=Lenovo PB2-690Y,32.16806164,34.80020374,28,DIRECT-51-HP DeskJet 4670 series,30:e1:71:f0:7b:52,-74,10,PELEG,14:d6:4d:f4:42:d7,-81,6,,d8:38:fc:68:24:7c,-88,44,NET0130335,d0:d4:12:5c:4d:4a,-82,1,,0c:f4:d5:5b:09:9c,-91,58,,d8:38:fc:68:18:58,-90,6,DanAccadia,d8:38:fc:28:24:7c,-88,44,DanAccadia,0c:f4:d5:1b:d7:a8,-83,1,DanAccadia,0c:f4:d5:1b:0b:18,-86,4
2017-10-27 16:23:46,model=Lenovo PB2-690Y,32.16801984,34.80044722,27,Happy Home Network,c0:a0:bb:cc:e2:3a,-77,1,Rozalin.co.il,08:5b:0e:8e:06:97,-77,1,feelhome,c0:ac:54:f7:3f:be,-77,1,hilary,00:8c:54:91:22:f1,-87,1,,0c:f4:d5:5b:49:38,-94,7,margopharma,1c:af:f7:6f:07:93,-92,6,DanAccadia,0c:f4:d5:1b:49:38,-87,7
2017-10-27 16:23:49,model=Lenovo PB2-690Y,32.16798596,34.80081806,26,BEZEQINT-0301,14:ae:db:cb:03:05,-76,11,HOTBOX-AB52,90:8d:78:e4:ab:7f,-74,11,margopharma,1c:af:f7:6f:07:93,-84,6,HOTBOX-1,c0:ac:54:f7:13:e3,-91,6,network,48:ee:0c:3d:53:f3,-84,9,SavantS,e4:f4:c6:d8:e8:60,-70,6,marcus,30:46:9a:2c:3d:94,-88,6,HOTBOX-1C48,c0:ac:54:f8:ea:e1,-79,1,Shohat01,7c:b7:33:ea:b3:b4,-84,2,Bhome-1845,ac:3f:a4:85:29:d8,-86,1
2017-10-27 16:23:52,model=Lenovo PB2-690Y,32.16794123,34.80115899,24,Marine-Heights,d4:68:4d:39:23:b8,-88,11,,d8:38:fc:66:dd:d8,-88,8,HP-Print-99-Officejet 6700,84:34:97:1c:cd:99,-87,6,Dror,7c:03:4c:ba:a6:1c,-76,11,island-3927A0,d4:68:4d:79:27:a3,-85,9,DIRECT-B0-HP DeskJet 4670 series,3c:52:82:b0:20:b1,-81,11,DanAccadia,d8:38:fc:26:dd:d8,-90,8,Bezeq-n_DA8C,a0:21:b7:79:da:8c,-83,11,Mishayev,e0:8f:ec:05:fb:f7,-84,6,TP-LINK_C22F8C,f8:1a:67:c2:2f:8c,-77,9
2017-10-27 16:23:55,model=Lenovo PB2-690Y,32.16791664,34.80145366,24,,d8:38:fc:68:24:7c,-88,44,,0c:f4:d5:5b:09:9c,-91,58,DanAccadia,d8:38:fc:28:24:7c,-88,44,PELEG,14:d6:4d:f4:42:d7,-81,6,feelhome,c0:ac:54:f7:3f:be,-77,1,hilary,00:8c:54:91:22:f1,-87,1,,0c:f4:d5:5b:49:38,-94,7,NET0130335,d0:d4:12:5c:4d:4a,-88,1,DanAccadia,0c:f4:d5:1b:49:38,-87,7,Rozalin.co.il,08:5b:0e:8e:06:97,-77,1
2017-10-27 16:23:58,model=Lenovo PB2-690Y,32.16788999,34.80175144,23,Yoels,00:8c:54:8b:ec:e1,-85,6,dserota,00:1b:9e:7a:43:13,-85,6,I.L.L,c0:ff:d4:bd:9e:30,-70,11,Ste_2.4GHz,20:0c:c8:10:0c:23,-79,9,Shiri1000_2.4,10:5a:f7:0e:5d:f5,-81,1,daniavnon,d0:d4:12:60:09:92,-84,11,,5c:f8:21:b0:f9:a3,-87,6
2017-10-27 16:24:01,model=Lenovo PB2-690Y,32.16785244,34.80206584,25,HOTBOX-AB52,90:8d:78:e4:ab:7f,-80,11,HOTBOX-1,c0:ac:54:f7:13:e3,-91,6,network,48:ee:0c:3d:53:f3,-84,9,SavantS,e4:f4:c6:d8:e8:60,-70,6,marcus,30:46:9a:2c:3d:94,-88,6,Shiri1000_5,10:5a:f7:0e:5d:f6,-87,52,BEZEQINT-0301,14:ae:db:cb:03:05,-78,11,Ste_2.4GHz,2c:ab:25:78:9d:04,-92,9,margopharma,1c:af:f7:6f:07:93,-84,6,finquel,f8:e9:03:11:e0:d8,-84,1
2017-10-27 16:24:04,model=Lenovo PB2-690Y,32.16782073,34.80240578,26,Dror,7c:03:4c:ba:a6:1c,-76,11,Bezeq-n_DA8C,a0:21:b7:79:da:8c,-83,11,TP-LINK_C22F8C,f8:1a:67:c2:2f:8c,-77,9,stefan,e0:ce:c3:8c:2b:5a,-91,6,Serge_2.4,c4:a8:1d:12:62:55,-83,11,joy,9c:d6:43:23:0c:9c,-87,6,Ste_2.4GHz,2c:ab:25:78:9d:04,-87,9,dserota,00:1b:9e:7a:43:13,-76,6,HOTFiber-C09E,08:6a:0a:6a:04:f7,-76,6,HOTFiber5476,7c:b7:33:ea:b6:8f,-84,11
2017-10-27 16:24:07,model=Lenovo PB2-690Y,32.16777763,34.80266874,23,HOTBOX-3DFD,b4:ee:b4:a7:3e:03,-81,1,Gold,a0:4f:d4:44:36:71,-88,1,DianneC,bc:f6:85:0b:6c:bf,-81,6,LEE2,00:b0:c6:57:6a:91,-77,2,LEE2,00:b0:c6:57:6a:99,-87,36,HOTBOX-97EB,fc:b4:e6:d0:97:f1,-80,1,preminger,c0:ac:54:f5:b1:84,-87,6,bz46564990,48:ee:0c:3a:19:c7,-82,10,HOT1,c0:ac:54:f5:d7:ff,-75,11
2017-10-27 16:24:10,model=Lenovo PB2-690Y,32.16776054,34.8028197,26,Yoels,00:8c:54:8b:ec:e1,-90,6,I.L.L,c0:ff:d4:bd:9e:30,-70,11,Ste_2.4GHz,20:0c:c8:10:0c:23,-88,9,daniavnon,d0:d4:12:60:09:92,-84,11,,5c:f8:21:b0:f9:a3,-87,6,099556880,10:0d:7f:99:bd:b2,-81,11,Bezeq-N_c5c5a1,5c:d9:98:c5:c5:a2,-87,6
2017-10-27 16:24:13,model=Lenovo PB2-690Y,32.16775468,34.80285047,27,Roikhel,9c:d6:43:23:99:91,-90,6
2017-10-27 16:24:16,model=Lenovo PB2-690Y,32.1677579,34.80285141,28,DIRECT-AA-HP OfficeJet Pro 8710,30:e1:71:d5:5c:ab,-98,9
2017-10-27 16:24:20,model=Lenovo PB2-690Y,32.16776133,34.80285408,29,wingate,70:3a:cb:5f:4f:25,-90,6
2017-10-27 16:24:28,model=Lenovo PB2-690Y,32.16777778,34.80286516,31,HOTBOX-3A94,c0:ac:54:f8:0c:1f,-87,11,DIRECT-AA-HP OfficeJet Pro 8710,30:e1:71:d5:5c:ab,-93,9
2017-10-27 16:24:34,model=Lenovo PB2-690Y,32.16777491,34.80285957,31,anna2.4,a0:ab:1b:62:76:ac,-83,2
2017-10-27 16:24:52,model=Lenovo PB2-690Y,32.16773176,34.80302721,39,Bezeq_WiFi,a0:ab:1b:61:6b:36,-96,11
2017-10-27 16:24:55,model=Lenovo PB2-690Y,32.16776081,34.80325115,38,BezeqFree,6a:12:f5:84:50:41,-87,8,opus7,c4:12:f5:84:50:40,-87,8,klara-012,c4:12:f5:fd:d1:94,-85,2,tania_2.4,70:62:b8:31:1d:80,-94,11,770,ec:22:80:b3:2e:10,-90,6
2017-10-27 16:24:58,model=Lenovo PB2-690Y,32.16793027,34.80333277,36,BezeqFree,6a:12:f5:84:50:41,-81,8,opus7,c4:12:f5:84:50:40,-82,8,svetlana,14:ae:db:44:c5:45,-83,6,Yafim,14:ae:db:32:13:d2,-85,5,orange-inna,00:12:2a:11:1c:64,-87,11,HOTBOX,7c:03:4c:fe:ba:1b,-88,1
2017-10-27 16:25:01,model=Lenovo PB2-690Y,32.1680857,34.80343147,34,elneuron,e8:fc:af:92:b9:87,-88,1,hagit_2.4,6c:b0:ce:33:a4:d5,-84,1,Bezeq Free,5a:b0:ce:33:a4:d6,-84,1,netbo1,d0:d4:12:68:0a:0a,-87,11,gella555,00:22:b0:75:7d:eb,-86,6
2017-10-27 16:25:04,model=Lenovo PB2-690Y,32.16813652,34.80370267,32,bz46564990,48:ee:0c:3a:19:c7,-89,10,Biana_n,14:ae:db:b2:8e:75,-91,11,vue sur mer_2.4,a4:2b:8c:98:db:d2,-91,1,SHURSH,00:22:3f:80:0d:4e,-91,9
2017-10-27 16:25:07,model=Lenovo PB2-690Y,32.16810519,34.80406649,33,099556880,10:0d:7f:99:bd:b2,-88,11,anna2.4,a0:ab:1b:62:76:ac,-86,2,Roikhel,9c:d6:43:23:99:91,-88,6,HOTBOX-3A94,c0:ac:54:f8:0c:1f,-94,11,wingate,70:3a:cb:5f:4f:25,-87,6,Bezeq-N_c5c5a1,5c:d9:98:c5:c5:a2,-88,6,Bezeq_WiFi,a0:ab:1b:61:6b:36,-95,11,Sveta,b4:ee:b4:ac:ce:70,-93,11
2017-10-27 16:25:10,model=Lenovo PB2-690Y,32.1680484,34.80454278,32,tania_2.4,70:62:b8:31:1d:80,-91,11,orange-inna,00:12:2a:11:1c:64,-87,11,opus7,c4:12:f5:84:50:40,-84,8,netbo1,d0:d4:12:68:0a:0a,-90,11,BezeqFree,6a:12:f5:84:50:41,-91,8,TP-LINK_UKTVWATCH,50:c7:bf:18:9a:de,-95,8,770,ec:22:80:b3:2e:10,-90,6,svetlana,14:ae:db:44:c5:45,-87,6,gella555,00:22:b0:75:7d:eb,-88,6,Yafim,14:ae:db:32:13:d2,-85,5
2017-10-27 16:25:13,model=Lenovo PB2-690Y,32.16799787,34.80501351,31,Biana_n,14:ae:db:b2:8e:75,-88,11,BezeqFree,62:8d:78:50:6a:13,-92,11,SHURSH,00:22:3f:80:0d:4e,-88,9,ida,c0:c1:c0:ce:4d:06,-91,11,shlomo1,00:8c:54:8f:59:51,-92,6,vue sur mer_2.4,a4:2b:8c:98:db:d2,-91,1,TP-LINK_UKTVWATCH_EXT,8a:1b:5e:83:d7:c2,-90,8,Murad1,f8:d1:11:75:25:64,-89,1,HOTFiber-FF2F,7c:b7:33:ea:a3:72,-84,1,hagit_2.4,6c:b0:ce:33:a4:d5,-92,1
2017-10-27 16:25:16,model=Lenovo PB2-690Y,32.16794147,34.80538989,32,Sveta,b4:ee:b4:ac:ce:70,-93,11,gabriel,90:8d:78:50:6a:12,-89,11,MOSHE,16:0c:c3:ee:59:79,-90,11,elissa,c8:be:19:07:58:09,-90,1
2017-10-27 16:25:19,model=Lenovo PB2-690Y,32.16787842,34.80562835,33,tania_2.4,70:62:b8:31:1d:80,-91,11,netbo1,d0:d4:12:68:0a:0a,-90,11,TP-LINK_UKTVWATCH,50:c7:bf:18:9a:de,-95,8,Partner-4G-86E5,b0:89:00:d8:86:e5,-93,10,BezeqFree,6a:12:f5:84:50:41,-91,8,svetlana,14:ae:db:44:c5:45,-87,6,gella555,00:22:b0:75:7d:eb,-88,6,klara-012,c4:12:f5:fd:d1:94,-90,2,IGOR,14:ae:db:b5:1b:cd,-94,6,Mwanza,48:ee:0c:3e:cb:98,-91,3
2017-10-27 16:25:22,model=Lenovo PB2-690Y,32.16780207,34.8057662,32,DIRECT-52-HP DeskJet 3830 series,94:57:a5:4d:eb:8b,-92,6
2017-10-27 16:25:25,model=Lenovo PB2-690Y,32.1677094,34.80591024,32,Bezeq Free D02536,72:0c:c8:10:c8:12,-93,1
2017-10-27 16:25:28,model=Lenovo PB2-690Y,32.167768,34.80606514,35,shlomo1,00:8c:54:8f:59:51,-92,6,HOTFiber-FF2F,7c:b7:33:ea:a3:72,-84,1,Murad1,f8:d1:11:75:25:64,-89,1,BezeqFree,62:8d:78:50:6a:13,-92,11,hagit_2.4,6c:b0:ce:33:a4:d5,-92,1,ida,c0:c1:c0:ce:4d:06,-91,11,Bezeq Free,5a:b0:ce:33:a4:d6,-92,1,Home,14:ae:db:53:0c:2d,-90,6,Annatel_3372,74:da:38:a9:0c:3e,-81,2,Hazan_Home,18:d6:c7:ef:1e:a4,-85,11
2017-10-27 16:25:34,model=Lenovo PB2-690Y,32.16830926,34.80617243,35,HOTBOX1212,c0:ac:54:f6:3b:c0,-84,11
2017-10-27 16:25:37,model=Lenovo PB2-690Y,32.16860202,34.80626215,31,rfi,c4:04:15:a7:e0:e0,-89,11,gattegnio,fc:b4:e6:d0:b6:67,-91,6,gattegnio,ec:08:6b:67:fc:c5,-92,6,rfi,a0:63:91:78:40:f2,-93,4,DIRECT-54-HP OfficeJet 3830,30:e1:71:fc:37:55,-96,2,HP-Print-45-Officejet Pro 6830,70:5a:0f:67:88:45,-90,6,,00:22:6c:5f:c6:d4,-83,11,egypt 1,b8:a3:86:0e:50:04,-94,6
2017-10-27 16:25:40,model=Lenovo PB2-690Y,32.16891568,34.806354,30,Annatel_3372,74:da:38:a9:0c:3e,-91,2,Hazan_Home,18:d6:c7:ef:1e:a4,-85,11,shor_Ext,e2:91:f5:b6:ec:a8,-90,11,gattegnio,fc:b4:e6:d0:b6:67,-85,6,gattegnio,ec:08:6b:67:fc:c5,-82,6,zinger,88:dc:96:1c:a2:00,-78,5
2017-10-27 16:25:43,model=Lenovo PB2-690Y,32.1692489,34.8064284,26,Melinek,14:ae:db:45:27:5d,-74,11,melsara,10:0d:7f:86:a4:42,-86,11,obadiahouse1_2_4,6c:b0:ce:36:91:9f,-91,1
2017-10-27 16:25:46,model=Lenovo PB2-690Y,32.16953076,34.80649419,28,HOTBOX1212,c0:ac:54:f6:3b:c0,-84,11,obadiahouse1_2_4,6c:b0:ce:36:91:9f,-85,1,tambourh,10:be:f5:3d:ac:54,-86,9,president,20:0c:c8:2a:13:80,-89,11,HOTFiber-1B7F,7c:b7:33:ea:b7:bd,-90,11
2017-10-27 16:25:49,model=Lenovo PB2-690Y,32.16985096,34.80660254,31,rfi,c4:04:15:a7:e0:e0,-89,11,rfi,a0:63:91:78:40:f2,-93,4,HP-Print-45-Officejet Pro 6830,70:5a:0f:67:88:45,-91,6,,00:22:6c:5f:c6:d4,-83,11,egypt 1,b8:a3:86:0e:50:04,-94,6
2017-10-27 16:25:52,model=Lenovo PB2-690Y,32.17019592,34.80675484,31,gattegnio,fc:b4:e6:d0:b6:67,-89,6,gattegnio,ec:08:6b:67:fc:c5,-91,6,zinger,88:dc:96:1c:a2:00,-78,5,YamNadlan,34:8a:ae:ff:c0:96,-62,1,YamNadlan,34:8a:ae:ff:c0:97,-81,52,TP-LINK_AAF0C0,c4:e9:84:aa:f0:c0,-93,1
2017-10-27 16:25:55,model=Lenovo PB2-690Y,32.1705107,34.80687558,29,Melinek,14:ae:db:45:27:5d,-86,11,melsara,10:0d:7f:86:a4:42,-90,11,GuestHome,e4:6f:13:47:e4:21,-92,6,Home2,e4:6f:13:47:e4:20,-95,6
2017-10-27 16:25:58,model=Lenovo PB2-690Y,32.17078967,34.80700602,29,obadiahouse1_2_4,6c:b0:ce:36:91:9f,-85,1,tambourh,10:be:f5:3d:ac:54,-87,9,president,20:0c:c8:2a:13:80,-89,11,HOTFiber-1B7F,7c:b7:33:ea:b7:bd,-90,11,upstairs,d4:6e:0e:cf:bc:ca,-84,6,rojavi,00:50:7f:f1:18:64,-82,11,rojavi_EXT,d4:6e:0e:3c:2f:99,-89,11,rojavi2017,00:1d:aa:0f:59:f0,-89,11,harry,14:ae:db:47:49:9d,-96,1
2017-10-27 16:26:01,model=Lenovo PB2-690Y,32.17105605,34.80711018,29,rojavi2017,ac:f1:df:a0:70:e9,-76,6,Bezeq Free,52:f1:df:a0:70:ea,-76,6
2017-10-27 16:26:04,model=Lenovo PB2-690Y,32.17135389,34.8072607,31,YamNadlan,34:8a:ae:ff:c0:96,-79,1,YamNadlan,34:8a:ae:ff:c0:97,-81,52,TP-LINK_AAF0C0,c4:e9:84:aa:f0:c0,-93,1,wizardofoz,14:ae:db:bd:c3:42,-87,7
2017-10-27 16:26:07,model=Lenovo PB2-690Y,32.1717249,34.80740114,28,GuestHome,e4:6f:13:47:e4:21,-92,6,Home2,e4:6f:13:47:e4:20,-94,6,HOTFiber-06B6,f0:b4:29:f1:f0:1b,-88,11,TV,f8:32:e4:b4:31:40,-90,2,HOTBOX-D7AA,00:78:9e:fa:b1:de,-93,1,Network,62:a4:4c:f1:7b:d9,-92,11
2017-10-27 16:26:10,model=Lenovo PB2-690Y,32.17197198,34.80751328,27,rojavi,00:50:7f:f1:18:64,-82,11,rojavi_EXT,d4:6e:0e:3c:2f:99,-89,11,rojavi2017,00:1d:aa:0f:59:f0,-89,11,alexrath,48:ee:0c:3d:1d:6c,-87,8,HOTFiber-C5F0,f8:ab:05:47:21:8f,-90,11,upstairs,d4:6e:0e:cf:bc:ca,-84,6,HOTFiber-C5F0,08:6a:0a:57:c1:72,-92,11,Van2,90:f6:52:78:f4:cb,-91,10,menashe_2EX,74:da:38:73:17:cf,-89,4,menashe,14:ae:db:48:16:65,-91,4
2017-10-27 16:26:13,model=Lenovo PB2-690Y,32.17223115,34.80762906,36,HOTFiber-C5F0,f8:ab:05:47:21:8f,-85,11,HOTFiber-C5F0,08:6a:0a:57:c1:72,-87,11,rojavi2017,ac:f1:df:a0:70:e9,-88,6,Tankus,14:ae:db:4c:d1:55,-84,10,Bezeq Free,52:f1:df:a0:70:ea,-88,6,HOTFiber-C5F0,08:3e:5d:61:fc:59,-86,11,Van2,90:f6:52:78:f4:cb,-83,10,Edimax AP,80:1f:02:66:5a:58,-93,11,alexrath,48:ee:0c:3d:1d:6c,-81,8,menashe,14:ae:db:48:16:65,-85,4
2017-10-27 16:26:16,model=Lenovo PB2-690Y,32.17250319,34.8077393,42,wizardofoz,14:ae:db:bd:c3:42,-87,7,Dodo,74:da:38:a1:8b:db,-83,5,HOTBOX,7c:b7:33:c0:ad:87,-85,1,Roni,c0:ac:54:f7:fb:ba,-92,6
2017-10-27 16:26:19,model=Lenovo PB2-690Y,32.17276011,34.80783579,39,HOTFiber-06B6,f0:b4:29:f1:f0:1b,-88,11,TV,f8:32:e4:b4:31:40,-90,2,Network,62:a4:4c:f1:7b:d9,-92,11,Van2,90:f6:52:78:f4:cb,-78,10,Dodo,74:da:38:a1:8b:db,-74,5,George,00:12:2a:35:b1:64,-88,1,babani_2.4,70:62:b8:33:d8:17,-91,1,DIRECT-02-HP DeskJet 3830 series,fc:3f:db:a0:46:84,-92,1
2017-10-27 16:26:22,model=Lenovo PB2-690Y,32.17302276,34.80796667,39,HOTBOX-D7AA,00:78:9e:fa:b1:de,-88,1,HOTFiber-06B6,08:3e:5d:63:39:61,-91,4,HOTBOX-DF26,00:78:9e:fa:4e:8d,-91,1,moka_5,a4:2b:8c:9d:20:f7,-82,60,HOTBOX-3724,00:78:9e:fb:7f:c0,-93,11,HamiacheM,e8:94:f6:71:f4:5b,-93,6,LIT,d8:fb:5e:18:49:70,-96,11,clean shop Wi Fi,6c:19:8f:4b:56:3b,-94,6
2017-10-27 16:26:25,model=Lenovo PB2-690Y,32.17329851,34.8080852,41,HOTFiber-C5F0,f8:ab:05:47:21:8f,-85,11,HOTFiber-C5F0,08:6a:0a:57:c1:72,-87,11,HOTFiber-C5F0,08:3e:5d:61:fc:59,-86,11,Edimax AP,80:1f:02:66:5a:58,-93,11,LIT,d8:fb:5e:18:49:70,-88,11,DIRECT-9J-BRAVIA,56:35:30:aa:49:43,-81,11,Yonatan,c4:12:f5:f6:7f:70,-88,10,HOTBOX-8A9C,6c:2e:85:fe:a1:37,-89,11,Tankus,14:ae:db:4c:d1:55,-84,10,BezeqFree,14:af:db:cd:36:3a,-89,10
2017-10-27 16:26:28,model=Lenovo PB2-690Y,32.17343059,34.80825376,40,HOTBOX-3724,00:78:9e:fb:7f:c0,-87,11,oren1,00:78:9e:fb:bc:7c,-77,1,berko_5,10:5a:f7:06:d2:0a,-89,52,Momo_5,14:ae:db:cd:36:3d,-90,48,SashaHome,ac:f1:df:9e:31:81,-90,6,peles,5c:d9:98:c6:50:2f,-90,6
2017-10-27 16:26:31,model=Lenovo PB2-690Y,32.17337685,34.80847679,40,HomeWi-Fi,64:70:02:c5:73:b0,-92,9,DIRECT-24-HP OfficeJet Pro 6960,98:e7:f4:b5:bc:25,-84,1,berko_2.4,10:5a:f7:06:d2:09,-85,1,Yvo_home,74:da:3a:be:d7:a2,-87,6,sw,c8:be:19:0c:af:01,-87,1,reuven,6c:19:8f:49:e9:8c,-88,6
2017-10-27 16:26:34,model=Lenovo PB2-690Y,32.17330793,34.80883147,42,uzi,00:12:2a:f2:17:18,-81,1,HomeWi-Fi,64:70:02:c5:70:b8,-90,11,Yvo_home_2EX,74:da:38:be:d7:a1,-83,6,Yvo_home,14:ae:db:37:05:65,-91,6,moka,a4:2b:8c:9d:20:f6,-95,1,DIRECT-EC-HP DeskJet 3830 series,30:e1:71:fb:dd:ed,-96,11
2017-10-27 16:26:37,model=Lenovo PB2-690Y,32.17324726,34.80921234,39,LIT,d8:fb:5e:18:49:70,-88,11,HOTBOX-8A9C,6c:2e:85:fe:a1:37,-85,11,HamiacheM,e8:94:f6:71:f4:5b,-85,6,HOTBOX-E35E,d8:fb:5e:17:e3:64,-91,6,Banana,c0:ac:54:f5:d6:3d,-90,6,Momo,14:ae:db:cd:36:3a,-92,10,HOTBOX-E35E,a0:8e:78:7f:3e:bb,-81,6,newyossi,50:c7:bf:7f:7c:3c,-94,9,HamiacheM,14:ae:db:43:27:3d,-84,6,HOTFiber,7c:b7:33:a1:a5:6d,-81,10
2017-10-27 16:26:40,model=Lenovo PB2-690Y,32.17314943,34.80965043,39,berko_5,10:5a:f7:06:d2:0a,-89,52,Momo_5,14:ae:db:cd:36:3d,-90,48,HOTBOX-3724,00:78:9e:fb:7f:c0,-87,11,Yvo_home,74:da:3a:be:d7:a2,-89,6,reuven,6c:19:8f:49:e9:8c,-88,6,Cellcom-WiFi_2078,8c:59:c3:a3:61:e9,-89,6,RINA,14:ae:db:b5:1b:dd,-90,11,HomeWi-Fi,64:70:02:c5:73:b0,-92,9,SashaHome,ac:f1:df:9e:31:81,-90,6,peles,5c:d9:98:c6:50:2f,-90,6
2017-10-27 16:26:43,model=Lenovo PB2-690Y,32.17306255,34.81011613,37,uzi,00:12:2a:f2:17:18,-81,1,HomeWi-Fi,64:70:02:c5:70:b8,-90,11,Yvo_home_2EX,74:da:38:be:d7:a1,-83,6,Yvo_home,14:ae:db:37:05:65,-91,6,moka,a4:2b:8c:9d:20:f6,-95,1,SAGARMATHA,6c:b0:ce:aa:73:31,-88,1,HOTBOX-007,00:78:9e:fb:20:75,-93,1,Bezeq Free 9A236D,6a:b0:ce:aa:73:32,-86,1
2017-10-27 16:26:46,model=Lenovo PB2-690Y,32.17297854,34.81050125,32,HOTBOX-8A9C,6c:2e:85:fe:a1:37,-85,11,Greenberg1_2EX,74:da:38:a6:db:98,-90,11,gina,ac:f1:df:9d:56:a9,-93,11,Sokol,08:02:8e:8c:24:e0,-88,11,Banana,c0:ac:54:f5:d6:3d,-90,6,HOT,b4:ee:b4:a7:37:d5,-93,11,Momo,14:ae:db:cd:36:3a,-92,10,DIRECT-CJM2070 Series,86:25:19:02:7e:a8,-91,11,HOTFiber,7c:b7:33:a1:a5:6d,-90,10,BezeqFree,14:af:db:cd:36:3a,-89,10
2017-10-27 16:26:49,model=Lenovo PB2-690Y,32.17293114,34.81078794,33,Yvo_home,74:da:3a:be:d7:a2,-89,6,Cellcom-WiFi_2078,8c:59:c3:a3:61:e9,-89,6,RINA,14:ae:db:b5:1b:dd,-90,11,ANDY2.4,3c:1e:04:07:f1:6a,-92,1,EF-A,d8:fe:e3:02:93:49,-94,6,Angel,14:cc:20:76:cc:fe,-85,7,Angel,14:cc:20:76:cd:12,-89,1,HOTFiber-A5D,40:65:a3:29:99:51,-87,1
2017-10-27 16:26:52,model=Lenovo PB2-690Y,32.17285948,34.81110148,29,,fa:8f:ca:96:85:cf,-87,11
2017-10-27 16:26:55,model=Lenovo PB2-690Y,32.17274362,34.81140622,26,SAGARMATHA,6c:b0:ce:aa:73:31,-88,1,HOTBOX-007,00:78:9e:fb:20:75,-93,1,Bezeq Free 9A236D,6a:b0:ce:aa:73:32,-86,1,Dekel,cc:b2:55:e6:f2:15,-93,6,Dekel2,74:da:38:a9:2c:6c,-90,2,GilPil,2c:b0:5d:2c:fe:54,-91,11,HOTBOX-1F4A,c0:ac:54:f7:df:a5,-95,6
2017-10-27 16:26:58,model=Lenovo PB2-690Y,32.17262741,34.81166081,26,HOTBOX-9666,7c:b7:33:c0:96:6c,-82,1,Sokol,08:02:8e:8c:24:e0,-88,11,dan38,84:16:f9:c2:fa:6e,-87,4,Ron,84:16:f9:e5:fa:66,-93,9,Dan38,e8:fc:af:99:22:43,-93,1,HOT,b4:ee:b4:a7:37:d5,-93,11,kenley,9c:3d:cf:1a:ad:f5,-82,1
2017-10-27 16:27:01,model=Lenovo PB2-690Y,32.17257307,34.81188778,25,Angel,14:cc:20:76:cc:fe,-85,7,Angel,14:cc:20:76:cd:12,-89,1,HOTFiber-A5D,40:65:a3:29:99:51,-87,1,urigil1,a0:ab:1b:5d:c2:60,-96,10,Azoulay,b4:ee:b4:a9:15:f7,-89,1,kenley-up,88:dc:96:3b:f5:e0,-89,11,Helen.,a0:ab:1b:57:cd:42,-93,6,goral,e0:ce:c3:8b:d9:44,-93,6
2017-10-27 16:27:04,model=Lenovo PB2-690Y,32.17254432,34.81201773,23,varda,c4:12:f5:85:27:c2,-94,1,Gil Kitchen,80:1f:02:a3:7d:62,-93,6
2017-10-27 16:27:10,model=Lenovo PB2-690Y,32.17251092,34.81213272,21,Gil-Up,50:c7:bf:36:df:98,-94,8,dlink-6A4D,e4:6f:13:db:6a:4d,-93,11,HP-Print-57-Officejet Pro 8610,fc:15:b4:aa:9e:57,-93,8
2017-10-27 16:27:18,model=Lenovo PB2-690Y,32.17235991,34.81215514,19,Helen.,a0:ab:1b:57:cd:42,-88,6,varda,c4:12:f5:85:27:c2,-83,1,ZEISS_YEHUDA,00:1d:aa:fb:1f:b0,-81,6,U2I8L1M0X42,7c:b7:33:97:35:f1,-86,1,EL,14:ae:db:3d:b1:52,-94,9
2017-10-27 16:27:21,model=Lenovo PB2-690Y,32.17208714,34.81204662,18,ben_ami_2.4,c4:04:15:60:6a:b5,-90,1,U2I8L1M0X42,54:64:d9:66:29:ef,-92,11,TP-LINK-BET,f8:d1:11:ce:e5:e6,-89,4,Bezeq Free,62:04:15:60:6a:b6,-87,1
2017-10-27 16:27:24,model=Lenovo PB2-690Y,32.17175267,34.81191154,18,ben_ami_2.4,c4:04:15:60:6a:b5,-81,1,Shani - Green,54:b8:0a:34:78:98,-86,52,Shani - Green,54:b8:0a:34:78:90,-87,5,DIRECT-AC-HP OfficeJet Pro 8720,70:5a:0f:f6:54:ad,-90,5,Shani - Green,54:b8:0a:34:78:d0,-94,6
2017-10-27 16:27:27,model=Lenovo PB2-690Y,32.17137454,34.81173835,14,urigil1,a0:ab:1b:5d:c2:60,-95,10,Azoulay,b4:ee:b4:a9:15:f7,-93,1,kenley-up,88:dc:96:3b:f5:e0,-93,11,Gil Kitchen,80:1f:02:a3:7d:62,-94,6,Gil-Up,50:c7:bf:36:df:98,-94,8,dlink-6A4D,e4:6f:13:db:6a:4d,-93,11,HP-Print-57-Officejet Pro 8610,fc:15:b4:aa:9e:57,-93,8,ronkla2,3c:1e:04:07:2a:fe,-84,6,HOTBOX-1966,6c:2e:85:fe:da:b8,-88,6,mika1,c4:12:f5:fb:c0:3e,-90,1
2017-10-27 16:27:30,model=Lenovo PB2-690Y,32.17104698,34.81157034,17,Helen.,a0:ab:1b:57:cd:42,-88,6,varda,c4:12:f5:85:27:c2,-93,1,ZEISS_YEHUDA,00:1d:aa:fb:1f:b0,-89,6,U2I8L1M0X42,7c:b7:33:97:35:f1,-82,1,EL,14:ae:db:3d:b1:52,-94,9,U2I8L1M0X42,54:64:d9:66:29:ef,-92,11,TP-LINK-BET,f8:d1:11:ce:e5:e6,-89,4,Bezeq Free,62:04:15:60:6a:b6,-83,1,HP-Setup>75-M277 LaserJet,92:cd:b6:2b:e9:75,-96,1
2017-10-27 16:27:33,model=Lenovo PB2-690Y,32.17074449,34.81143093,19,ben_ami_2.4,c4:04:15:60:6a:b5,-89,1,Shani - Green,54:b8:0a:34:78:98,-86,52,Shani - Green,54:b8:0a:34:78:90,-87,5,Shani - Green,54:b8:0a:34:78:d0,-94,6,home,00:13:d4:0f:f3:ba,-97,1
2017-10-27 16:27:36,model=Lenovo PB2-690Y,32.17046806,34.81126309,20,RDK,58:b6:33:34:81:a8,-84,1,Guymic,14:ae:db:b7:99:2d,-84,6,HOTFiber-A53E,7c:b7:33:a1:7e:98,-87,11,rdk,e4:d3:f1:9a:81:60,-90,8,stephane,14:cc:20:eb:e7:53,-91,1
2017-10-27 16:27:39,model=Lenovo PB2-690Y,32.17017837,34.81109731,21,ronkla2,3c:1e:04:07:2a:fe,-84,6,HOTBOX-1966,6c:2e:85:fe:da:b8,-93,6,mika1,c4:12:f5:fb:c0:3e,-90,1,shlomi,d8:5d:4c:d9:c4:68,-90,1,stephane,00:24:2b:cf:13:21,-92,1
2017-10-27 16:27:42,model=Lenovo PB2-690Y,32.16989007,34.81096842,22,HP-Setup>75-M277 LaserJet,92:cd:b6:2b:e9:75,-92,1,Neeman2.4,20:0c:c8:1d:c8:2b,-74,1,DIRECT-A4-HP OfficeJet 6950,c8:d3:ff:f9:48:a5,-83,1,ZEISS_YEHUDA,00:1d:aa:fb:1f:b0,-85,6,oved-main_2EX,74:da:38:97:66:9d,-87,6,oved-main_2EX,74:da:38:54:b8:1c,-90,6,HOTBOX-2E6E,c0:ac:54:f7:27:42,-90,11,devolo-0f4,30:d3:2d:37:20:f4,-93,11,Bezeq Free F026CC,6a:0c:c8:1d:c8:28,-79,1
2017-10-27 16:27:45,model=Lenovo PB2-690Y,32.16957016,34.81081783,18,home,00:13:d4:0f:f3:ba,-97,1,  InnovationEndeavors,74:da:38:a9:1c:df,-89,4,Lili,c4:12:f5:f9:5c:7c,-93,11,BezeqNGN_001489_2.4GHz_1,c0:a0:bb:cb:59:5b,-92,11
2017-10-27 16:27:48,model=Lenovo PB2-690Y,32.16925256,34.81069134,19,RDK,58:b6:33:34:81:a8,-84,1,Guymic,14:ae:db:b7:99:2d,-84,6,HOTFiber-A53E,7c:b7:33:a1:7e:98,-87,11,rdk,e4:d3:f1:9a:81:60,-90,8,stephane,14:cc:20:eb:e7:53,-92,1,edimax_2.4G_A92417,74:da:38:a9:24:17,-78,2,dlink-A09C,ac:f1:df:76:a0:9c,-87,11,Liliup,74:da:38:c3:12:45,-87,3,oved-main,74:da:39:54:b8:1d,-88,6,netbox,d0:d4:12:65:19:a2,-90,1
2017-10-27 16:27:51,model=Lenovo PB2-690Y,32.16893268,34.81056291,20,shlomi,d8:5d:4c:d9:c4:68,-90,1,stephane,00:24:2b:cf:13:21,-92,1,SandyAndDanny,d0:0e:d9:26:e8:c5,-86,8,spielman,7c:b7:33:2b:c4:52,-89,11,spielman,f4:f2:6d:34:56:54,-93,11,forestisthebest,c8:d7:19:da:03:16,-93,1,Home,44:03:a7:e6:11:63,-95,6,3Com,00:0f:cb:b5:2e:78,-87,11
2017-10-27 16:27:54,model=Lenovo PB2-690Y,32.16860304,34.81046488,17,Neeman2.4,20:0c:c8:1d:c8:2b,-74,1,ZEISS_YEHUDA,00:1d:aa:fb:1f:b0,-85,6,oved-main_2EX,74:da:38:97:66:9d,-87,6,oved-main_2EX,74:da:38:54:b8:1c,-90,6,HOTBOX-2E6E,c0:ac:54:f7:27:42,-90,11,devolo-0f4,30:d3:2d:37:20:f4,-93,11,Bezeq Free F026CC,6a:0c:c8:1d:c8:28,-79,1,KaymeraDev,00:f6:63:15:58:81,-93,1,kaymeraQA,00:f6:63:15:58:80,-93,1,KaymeraGuest,00:f6:63:15:58:82,-95,1
2017-10-27 16:27:57,model=Lenovo PB2-690Y,32.16828928,34.81035666,18,  InnovationEndeavors,74:da:38:a9:1c:df,-89,4,Lili,c4:12:f5:f9:5c:7c,-89,11,BezeqNGN_001489_2.4GHz_1,c0:a0:bb:cb:59:5b,-92,11,Oberyn Martell,18:d6:c7:fb:1c:0e,-77,8,DIRECT-A3-HP OfficeJet Pro 8710,a0:8c:fd:54:7b:54,-94,11,Candan,c0:ff:d4:7b:82:30,-96,1
2017-10-27 16:28:00,model=Lenovo PB2-690Y,32.16799923,34.81022347,17,edimax_2.4G_A92417,74:da:38:a9:24:17,-78,2,dlink-A09C,ac:f1:df:76:a0:9c,-87,11,Liliup,74:da:38:c3:12:45,-87,3,oved-main,74:da:39:54:b8:1d,-88,6,netbox,d0:d4:12:65:19:a2,-90,1,kessel_2,90:ef:68:30:6b:69,-75,5,terry_ap,5c:83:8f:33:bd:68,-86,1,,06:8d:db:6e:71:ed,-91,1
2017-10-27 16:28:03,model=Lenovo PB2-690Y,32.16776437,34.8100792,19,spielman,7c:b7:33:2b:c4:52,-89,11,spielman,f4:f2:6d:34:56:54,-93,11,3Com,00:0f:cb:b5:2e:78,-92,11,SandyAndDanny,d0:0e:d9:26:e8:c5,-91,8,yaront-mac,78:9f:70:7b:90:14,-93,6,forestisthebest,c8:d7:19:da:03:16,-93,1,Home,44:03:a7:e6:11:63,-95,6,888Guest,02:8d:db:6e:71:13,-85,1,Erez Man,e4:8d:8c:7f:3d:0d,-93,1,888Corp,0a:8d:db:6e:71:13,-86,1
2017-10-27 16:28:06,model=Lenovo PB2-690Y,32.167615,34.80992403,19,Mouly,7c:b7:33:2e:76:73,-82,11,ensilo_2.4GH_1,00:30:4f:82:a4:48,-83,11,Efrat Networks MM,94:f6:65:5b:b2:28,-84,5,island-074FA0,50:a7:33:47:4f:a3,-86,6,Guest Neetwork MM,94:f6:65:1b:b2:28,-90,5,888Free,06:8d:db:6e:71:be,-87,11,888Guest,02:8d:db:6e:71:6d,-88,1,HP-Print-A0-LaserJet Pro MFP,30:f7:72:6e:8e:a0,-91,6
2017-10-27 16:28:09,model=Lenovo PB2-690Y,32.16758618,34.80986741,19,KaymeraDev,00:f6:63:15:58:81,-93,1,kaymeraQA,00:f6:63:15:58:80,-94,1,KaymeraGuest,00:f6:63:15:58:82,-95,1,888Free,06:8d:db:6e:71:6d,-90,1
2017-10-27 16:28:12,model=Lenovo PB2-690Y,32.16759701,34.80985743,21,Candan,c0:ff:d4:7b:82:30,-88,1,888Guest,02:8d:db:6e:71:be,-84,11
2017-10-27 16:28:18,model=Lenovo PB2-690Y,32.16762294,34.80983426,20,island-074FA0,50:a7:33:47:4f:a3,-80,6
2017-10-27 16:28:30,model=Lenovo PB2-690Y,32.16761512,34.80984451,24,INGENEO,cc:b2:55:e8:4c:e6,-87,6
2017-10-27 16:28:36,model=Lenovo PB2-690Y,32.16762841,34.8098606,25,888Corp,0a:8d:db:6e:71:6d,-87,1
2017-10-27 16:28:44,model=Lenovo PB2-690Y,32.16764199,34.80983264,34,888Guest,02:8d:db:6e:71:6d,-82,1
2017-10-27 16:32:24,model=Lenovo PB2-690Y,32.16769143,34.80988609,30,888Corp,0a:8d:db:6e:71:26,-92,6,888Guest,02:8d:db:6e:71:26,-93,6,888Free,06:8d:db:6e:71:26,-96,6
2017-10-27 16:35:09,model=Lenovo PB2-690Y,32.16767918,34.8099261,32,ensilo_guest,00:30:4f:82:a4:49,-83,11
2017-10-27 16:35:31,model=Lenovo PB2-690Y,32.16767714,34.80987434,38,888Corp,8e:15:44:a9:32:e6,-92,11
2017-10-27 16:35:40,model=Lenovo PB2-690Y,32.16749575,34.8096228,38,lavel-2,74:da:39:b9:a7:bd,-89,2
2017-10-27 16:35:43,model=Lenovo PB2-690Y,32.16737112,34.80947136,37,Ezbob_WiFi,00:02:6f:12:34:56,-83,11,lavel-2_2,74:da:38:b9:a7:bc,-90,2
2017-10-27 16:35:49,model=Lenovo PB2-690Y,32.16706717,34.80912469,29,brieftrace5,90:8d:78:51:52:fb,-79,48,Maxillent,90:6c:ac:60:6c:8b,-91,3,BlueSnap-Guest-2.4GHz,00:02:6f:bb:fd:ac,-93,1,Pitarohecht,00:02:6f:a6:f1:f3,-86,1
2017-10-27 16:35:52,model=Lenovo PB2-690Y,32.16697095,34.80899281,29,BlueSnap-Guest-2.4GHz,00:02:6f:bb:fd:ac,-83,1,bacapital,6c:b0:ce:ab:5a:a1,-90,1
2017-10-27 16:35:55,model=Lenovo PB2-690Y,32.16690996,34.80892623,31,Bezeq2.4,14:ae:db:b3:7b:65,-90,6
2017-10-27 16:35:58,model=Lenovo PB2-690Y,32.16690033,34.80890703,28,HP-Print-A0-LaserJet Pro MFP,30:f7:72:6e:8e:a0,-78,6,ASUS,d0:17:c2:60:e7:38,-84,3,Crestron_23,10:fe:ed:62:9e:1a,-86,4,AEH-W4A1-b0411d255ce3,b0:41:1d:25:5c:e3,-87,7,PitaroHecht,00:02:6f:bf:86:cc,-89,1
2017-10-27 16:36:03,model=Lenovo PB2-690Y,32.16686101,34.80886888,25,Kadabra-AP,00:1d:aa:7c:8c:f8,-79,11,Kadabra-Guest,02:1d:aa:7c:8c:f8,-79,11,Hacker,cc:b2:55:e7:bf:ba,-95,6,LeonAP,80:1f:02:36:10:68,-85,11,Efrat Networks MM,94:f6:65:5b:b2:28,-89,5,BlueSnap-Guest-2.4GHz,c0:56:27:a0:6c:9a,-91,3,Guest Neetwork MM,94:f6:65:1b:b2:28,-91,5,HOTBOX-D124,6c:2e:85:fe:9f:bc,-91,1
2017-10-27 16:36:08,model=Lenovo PB2-690Y,32.16689742,34.80859096,25,INGENEO,cc:b2:55:e8:4c:e6,-88,6,Efrat Networks NC,00:1d:aa:34:1e:58,-81,11,HOTFiber-2017,08:6a:0a:37:66:66,-91,1,,fa:8f:ca:93:a5:64,-87,6
2017-10-27 16:36:11,model=Lenovo PB2-690Y,32.16698668,34.80831306,26,BENY PUR,d8:fe:e3:03:c7:b1,-80,6,HOTFiber-2017,18:1e:78:86:00:63,-89,1
2017-10-27 16:36:14,model=Lenovo PB2-690Y,32.16710359,34.80798987,28,BlueSnap-Guest-2.4GHz,00:02:6f:bb:fd:ac,-81,1,0506679780,5a:fe:e3:03:c7:b3,-81,6,Candan,c0:ff:d4:7b:82:30,-93,1
2017-10-27 16:36:17,model=Lenovo PB2-690Y,32.16722868,34.80761207,30,BlueSnap-Guest-2.4GHz,c0:56:27:a0:6c:9a,-88,3,Guest Neetwork MM,94:f6:65:1b:b2:28,-89,5,ASUS,d0:17:c2:60:e7:38,-91,3,Home.,a0:ab:1b:62:a7:bc,-83,1,Rabia,30:b5:c2:bd:52:40,-86,6,sm,14:ae:db:c2:74:65,-90,6,NIZZA333_2EX,74:da:38:0e:db:1c,-93,11
2017-10-27 16:36:20,model=Lenovo PB2-690Y,32.16737009,34.80723953,30,Rabia,30:b5:c2:bd:52:40,-74,6,DIRECT-DA-HP DeskJet 4670 series,c8:d3:ff:79:a3:db,-90,9,Heifes,20:0c:c8:10:c8:11,-91,1,aron,04:a1:51:e2:7d:fe,-89,11,Bezeq Free,52:a1:51:e2:7d:ff,-90,11,Bezeq Free D02536,72:0c:c8:10:c8:12,-93,1
2017-10-27 16:36:23,model=Lenovo PB2-690Y,32.16751498,34.80683618,32,Candan,c0:ff:d4:7b:82:30,-90,1,Heifes,20:0c:c8:10:c8:11,-84,1,Bezeq Free D02536,72:0c:c8:10:c8:12,-80,1,Ester_wifi,84:26:15:eb:2d:b3,-86,11,Casa1,f4:6b:ef:e2:2c:1f,-88,11,Efrat Networks MM,94:f6:65:5b:b2:28,-92,5
2017-10-27 16:36:26,model=Lenovo PB2-690Y,32.1676062,34.80648761,35,Guest Neetwork MM,94:f6:65:1b:b2:28,-91,5,Home.,a0:ab:1b:62:a7:bc,-96,1,bendet1,80:1f:02:d7:6b:c8,-91,6
2017-10-27 16:36:29,model=Lenovo PB2-690Y,32.16771044,34.80621624,37,Rabia,30:b5:c2:bd:52:40,-90,6,wifi in car-1794,08:97:58:33:b7:cc,-75,1,EMELET,f4:f2:6d:ca:5d:06,-93,8
2017-10-27 16:36:32,model=Lenovo PB2-690Y,32.16779375,34.80608261,37,shor_Ext,e2:91:f5:b6:ec:a8,-91,11,ApartmentD,c0:ff:d4:d1:e4:20,-93,6
2017-10-27 16:36:37,model=Lenovo PB2-690Y,32.16789236,34.80594706,40,Annatel_3372,74:da:38:a9:0c:3e,-85,2
2017-10-27 16:36:40,model=Lenovo PB2-690Y,32.16787943,34.80577971,41,Heifes,20:0c:c8:10:c8:11,-88,1,Bezeq Free D02536,72:0c:c8:10:c8:12,-91,1,Hazan_Home,18:d6:c7:ef:1e:a4,-89,11
2017-10-27 16:36:43,model=Lenovo PB2-690Y,32.16773211,34.80577425,40,INGENEO,cc:b2:55:e8:4c:e6,-91,6
2017-10-27 16:36:49,model=Lenovo PB2-690Y,32.16760779,34.80626857,40,HP-Print-86-Officejet Pro 8600,88:51:fb:20:6b:86,-91,11
2017-10-27 16:36:55,model=Lenovo PB2-690Y,32.16745405,34.8067466,38,Bezeq-NGN_E60863,cc:b2:55:e6:08:64,-93,6,Bezeq Free,cc:b2:55:e6:08:67,-95,6,Bezeq Free D02536,72:0c:c8:10:c8:12,-84,1
2017-10-27 16:36:58,model=Lenovo PB2-690Y,32.16738263,34.80704301,36,Heifes,20:0c:c8:10:c8:11,-90,1
2017-10-27 16:37:01,model=Lenovo PB2-690Y,32.16732484,34.8073338,31,HP-Print-86-Officejet Pro 8600,88:51:fb:20:6b:86,-92,11,Rabia,30:b5:c2:bd:52:40,-90,6,Vexlerar_2EX,74:da:38:cc:d8:80,-93,9
2017-10-27 16:37:04,model=Lenovo PB2-690Y,32.1672203,34.80757898,30,Home.,a0:ab:1b:62:a7:bc,-90,1
2017-10-27 16:37:07,model=Lenovo PB2-690Y,32.16710326,34.80786315,26,Casa1,f4:6b:ef:e2:2c:1f,-90,11,Bezeq Free D02536,72:0c:c8:10:c8:12,-92,1,Ester_wifi,84:26:15:eb:2d:b3,-93,11,EL5,14:ae:db:3d:b1:55,-88,48,INGENEO,cc:b2:55:e8:4c:e6,-87,6
2017-10-27 16:37:10,model=Lenovo PB2-690Y,32.16701367,34.80810925,22,Heifes,20:0c:c8:10:c8:11,-91,1,edimax_repeater,74:da:38:50:ce:4c,-94,2,BENY PUR,d8:fe:e3:03:c7:b1,-74,6,DIRECT-EA-HP OfficeJet Pro 6960,30:e1:71:c5:17:eb,-84,6,0506679780,5a:fe:e3:03:c7:b3,-73,6
2017-10-27 16:37:13,model=Lenovo PB2-690Y,32.16692966,34.80836155,15,Rabia,30:b5:c2:bd:52:40,-89,6,Vexlerar_2EX,74:da:38:cc:d8:80,-92,9,levi_1,f8:e9:03:0e:a1:5d,-88,11,071889240,f8:e9:03:14:72:44,-90,1,,fa:8f:ca:93:a5:64,-82,6,Pantum-AP-1C0F59,44:33:4c:1c:0f:59,-89,11
2017-10-27 16:37:16,model=Lenovo PB2-690Y,32.166863,34.80849455,17,INGENEO,cc:b2:55:e8:4c:e6,-82,6,EL,14:ae:db:3d:b1:52,-82,9,Guest Neetwork MM,94:f6:65:1b:b2:28,-90,5,Efrat Networks MM,94:f6:65:5b:b2:28,-94,5,HP-Print-82-LaserJet 200 color,68:94:23:24:b1:82,-92,6
2017-10-27 16:37:19,model=Lenovo PB2-690Y,32.16680671,34.80857819,17,wifi in car-1794,08:97:58:33:b7:cc,-82,1,kaymeraQA,00:f6:63:3a:f4:80,-84,1,gigi1932,8c:59:c3:a2:9d:69,-89,11,KaymeraGuest,00:f6:63:3a:f4:82,-80,1,HP-Print-a2-LaserJet 400 color,e4:d5:3d:7d:d6:a2,-91,6
2017-10-27 16:37:22,model=Lenovo PB2-690Y,32.16679377,34.8086177,16,Home.,a0:ab:1b:62:a7:bc,-87,1,BlueSnap-Guest-2.4GHz,c0:56:27:a0:6c:9a,-90,3,Efrat Networks MM,94:f6:65:5b:b2:28,-89,5,ASUS,d0:17:c2:60:e7:38,-79,3,KaymeraDev,00:f6:63:3a:f4:81,-82,1,TP-LINK_6CF1,30:b5:c2:6d:c9:e0,-93,11
2017-10-27 16:37:29,model=Lenovo PB2-690Y,32.16671281,34.80872443,22,kaymeraQA,cc:16:7e:97:1d:90,-93,1,,fa:8f:ca:91:09:b4,-90,11
2017-10-27 16:37:32,model=Lenovo PB2-690Y,32.16652877,34.80876004,24,RTI 15,10:fe:ed:62:9e:5c,-93,5,Partner-4G-C845,50:68:0a:66:c8:45,-85,8,888Free,06:8d:db:6e:71:ab,-92,1
2017-10-27 16:37:35,model=Lenovo PB2-690Y,32.16627842,34.80860037,25,4GT,82:4c:a5:1a:71:67,-91,1
2017-10-27 16:37:38,model=Lenovo PB2-690Y,32.16602039,34.8084001,24,BlueSnap-Guest-2.4GHz,00:02:6f:bb:fd:ac,-85,1,Pitarohecht,00:02:6f:a6:f1:f3,-92,1,4GT,82:4c:a5:1a:71:67,-80,1,4G,94:10:3e:a8:34:9a,-66,11,ID,92:4c:a5:1a:71:67,-78,1,CMT-Guests,70:4c:a5:1a:71:67,-79,1,Retention,a2:4c:a5:1a:71:67,-79,1
2017-10-27 16:37:41,model=Lenovo PB2-690Y,32.16577658,34.80816783,24,Efrat Networks NC,00:1d:aa:34:1e:58,-78,11,HP-Print-A0-LaserJet Pro MFP,30:f7:72:6e:8e:a0,-90,6,Efrat Networks MM,94:f6:65:5b:b2:28,-85,5,Hacker,cc:b2:55:e7:bf:ba,-93,6,Bezeq2.4,14:ae:db:b3:7b:65,-90,6,ASUS,d0:17:c2:60:e7:38,-85,3,tzunami2,4c:e6:76:22:44:af,-93,4,KaymeraDev,00:f6:63:3a:f4:81,-90,1,Guest Neetwork MM,94:f6:65:1b:b2:28,-86,5,BlueSnap-Guest-2.4GHz,c0:56:27:a0:6c:9a,-91,3
2017-10-27 16:37:44,model=Lenovo PB2-690Y,32.16554915,34.80794021,23,kaymeraQA,cc:16:7e:97:1d:90,-93,1,,fa:8f:ca:91:09:b4,-90,11,Ganel,14:ae:db:43:44:ad,-92,11,MVGuest,4e:d9:e7:59:4a:f2,-93,1,HWL,08:5b:0e:5f:b0:78,-93,11,SETUP,ee:39:c3:92:e3:6d,-94,11
2017-10-27 16:37:47,model=Lenovo PB2-690Y,32.16530821,34.80769442,22,RTI 15,10:fe:ed:62:9e:5c,-93,5,Partner-4G-C845,50:68:0a:66:c8:45,-86,8,888Free,06:8d:db:6e:71:ab,-92,1,Ganel,14:ae:db:43:44:ad,-87,11,AppsFlyer Guest,82:15:54:a8:8d:ef,-88,36,AppsFlyer R&D,8e:15:54:a8:8d:ef,-90,36,Cloudius,de:9f:db:7f:73:aa,-86,1,rainbow,ee:9f:db:7f:73:aa,-90,1,sunmotors,14:ae:db:3a:6d:95,-92,6,Off-Oz,00:25:86:b0:42:ae,-93,6
2017-10-27 16:37:50,model=Lenovo PB2-690Y,32.16504704,34.80746023,19,GINI-APPS,f0:3e:90:0f:4c:b8,-84,1,F-Z,04:a1:51:13:13:37,-85,11,BezeqFree,14:af:db:bd:de:12,-92,6,COMET,80:1f:02:38:6a:b0,-90,11,Gil?s iMac,28:f0:76:3d:81:f8,-94,8,HP-Print-82-LaserJet 200 color,68:94:23:24:b1:82,-91,6
2017-10-27 16:37:53,model=Lenovo PB2-690Y,32.16476567,34.80721216,19,kaymeraQA,00:f6:63:3a:f4:80,-90,1,4G,94:10:3e:a8:34:9a,-74,11,tzunami2,4c:e6:76:22:44:af,-92,4,DIRECT-A5-HP OfficeJet Pro 7720,3e:52:82:88:eb:a5,-88,3,VAP1,02:10:f3:64:7e:5d,-88,6,Tamar-Office,90:6c:ac:8f:fd:82,-90,1,tzubnt,00:27:22:4e:28:c8,-90,8,Coralgrp,ac:a3:1e:c9:5a:c0,-90,11,RTO,e0:b9:a5:10:95:6b,-90,7,GAL-ALMAGOR,14:ae:db:bd:de:12,-92,6
2017-10-27 16:37:56,model=Lenovo PB2-690Y,32.16446369,34.80699683,20,MVGuest,4e:d9:e7:59:4a:f2,-93,1,HWL,08:5b:0e:5f:b0:78,-93,11,SETUP,ee:39:c3:92:e3:6d,-94,11,Coralgrp,94:b4:0f:37:26:90,-88,52,RTI 15,10:fe:ed:62:9e:5c,-86,5,Glilot1,70:4c:a5:13:f2:f5,-89,9,,88:15:44:a8:8d:ef,-90,1
2017-10-27 16:37:59,model=Lenovo PB2-690Y,32.16413733,34.80680696,20,AppsFlyer Guest,82:15:54:a8:8d:ef,-88,36,AppsFlyer R&D,8e:15:54:a8:8d:ef,-90,36,Ganel,14:ae:db:43:44:ad,-87,11,Gil?s iMac,28:f0:76:3d:81:f8,-87,8,Off-Oz,00:25:86:b0:42:ae,-93,6,BB?s iMac,c8:bc:c8:b7:c2:e1,-89,8,Coralgrp,94:b4:0f:37:26:80,-84,7,Cloudius,de:9f:db:7f:73:aa,-86,1,rainbow,ee:9f:db:7f:73:aa,-86,1,sunmotors,14:ae:db:3a:6d:95,-92,6
2017-10-27 16:38:02,model=Lenovo PB2-690Y,32.16381918,34.80663229,23,GINI-APPS,f0:3e:90:0f:4c:b8,-87,1,F-Z,04:a1:51:13:13:37,-85,11,BezeqFree,14:af:db:bd:de:12,-92,6,COMET,80:1f:02:38:6a:b0,-90,11,HP-Print-82-LaserJet 200 color,68:94:23:24:b1:82,-91,6,BezeqNGN_XA28CE_5GHz_1,6c:b0:ce:38:48:80,-87,60
2017-10-27 16:38:05,model=Lenovo PB2-690Y,32.16353865,34.8064643,25,VAP1,02:10:f3:64:7e:5d,-88,6,Tamar-Office,90:6c:ac:8f:fd:82,-90,1,tzubnt,00:27:22:4e:28:c8,-90,8,Coralgrp,ac:a3:1e:c9:5a:c0,-90,11,RTO,e0:b9:a5:10:95:6b,-90,7,GAL-ALMAGOR,14:ae:db:bd:de:12,-92,6,murraydiane,c4:12:f5:83:aa:0c,-91,11
2017-10-27 16:38:08,model=Lenovo PB2-690Y,32.16331079,34.80633803,28,Coralgrp,94:b4:0f:37:26:90,-89,52,RTI 15,10:fe:ed:62:9e:5c,-86,5,Glilot1,70:4c:a5:13:f2:f5,-89,9,,88:15:44:a8:8d:ef,-90,1,drupe 2.4G,ec:08:6b:27:b0:2f,-81,4,S&W,82:2a:a8:b5:b7:1a,-89,11,JWN,6c:b0:ce:33:a2:d0,-90,11,eliya23,00:1d:aa:7c:08:5c,-91,11,HP-Print-2a-LaserJet 400 MFP,ac:d1:b8:ac:e8:2a,-89,6,BezeqNGN_XA28CE_2.4GHz_1,6c:b0:ce:38:48:7f,-91,6
2017-10-27 16:38:11,model=Lenovo PB2-690Y,32.16317414,34.80627205,31,Carmel MR,10:be:f5:3a:ec:76,-92,9,JONEY_2.4,6c:b0:ce:3a:83:4e,-88,1,ran,14:ae:db:32:cf:62,-93,10,Partner-4G-7C3F,9c:b2:b2:32:7c:3f,-95,1,,88:dc:96:17:c1:5c,-86,6,DELEK-GUEST,c0:25:5c:df:62:e1,-91,5
2017-10-27 16:38:14,model=Lenovo PB2-690Y,32.1631619,34.80625893,34,ZeroOne 2.4GHz,14:ae:db:3e:de:ea,-86,2,drupe_kitchen,14:ae:db:38:cc:ad,-93,11
2017-10-27 16:38:22,model=Lenovo PB2-690Y,32.1631764,34.8062382,36,DELEK-GUEST,c0:25:5c:df:62:e1,-80,5,drupe 5G,ec:08:6b:27:b0:2e,-89,36,DELEK-GROUP,c0:25:5c:df:62:e0,-81,5
2017-10-27 16:38:25,model=Lenovo PB2-690Y,32.16317736,34.80623126,31,Partner-4G-7C3F,9c:b2:b2:32:7c:3f,-87,1,EIS70,04:bd:88:e3:6f:e1,-88,1
2017-10-27 16:38:28,model=Lenovo PB2-690Y,32.16319135,34.80624872,33,murraydiane,c4:12:f5:83:aa:0c,-85,11,,88:dc:96:17:c0:9e,-88,6
2017-10-27 16:38:34,model=Lenovo PB2-690Y,32.16320674,34.80625275,29,Wallashops-Office,00:c8:8b:28:28:20,-92,1
2017-10-27 16:38:43,model=Lenovo PB2-690Y,32.16319294,34.80626005,30,DIRECT-37-HP OfficeJet Pro 8720,a0:8c:fd:5b:1c:38,-93,8,TNCAPE5A34D,30:91:8f:51:3b:fe,-91,11
2017-10-27 16:38:46,model=Lenovo PB2-690Y,32.16318171,34.80625562,29,INVESUS,06:18:d6:a9:2d:cf,-93,1
2017-10-27 16:38:49,model=Lenovo PB2-690Y,32.16317781,34.8062566,28,drupe 2.4G,ec:08:6b:27:b0:2f,-74,4
2017-10-27 16:38:52,model=Lenovo PB2-690Y,32.1631839,34.80625095,26,ZeroOne 2.4GHz,14:ae:db:3e:de:ea,-80,2
2017-10-27 16:39:08,model=Lenovo PB2-690Y,32.1632265,34.80624928,24,HP-Print-B1-Officejet Pro 8610,fc:15:b4:a7:ce:b1,-92,4
2017-10-27 16:39:11,model=Lenovo PB2-690Y,32.16319996,34.80624705,23,welovecoffee_,14:ae:db:ca:c2:22,-90,10,Sodyo,14:ae:db:30:59:ca,-91,8,BezeqFree,14:af:db:30:59:ca,-92,8,DELEK-GROUP,34:db:fd:0a:6c:00,-96,9
2017-10-27 16:39:14,model=Lenovo PB2-690Y,32.16304192,34.80624314,22,EIS LAB,04:bd:88:e3:6f:e0,-87,1,Biopharmax Guest,18:e7:28:50:04:48,-90,1,BezeqNGN_XA28CE_2.4GHz_1,6c:b0:ce:38:48:7f,-84,6
2017-10-27 16:39:17,model=Lenovo PB2-690Y,32.16293782,34.80645872,23,Paragon-Wifi,00:1d:aa:0f:51:38,-87,11,DIRECT-F7-HP DeskJet 4670 series,b0:5a:da:fa:39:f8,-87,1,marvin,04:a1:51:11:0e:ee,-90,11,DIRECT-C6-HP DeskJet 3830 series,dc:4a:3e:cf:77:77,-91,6,,10:0d:7f:8a:88:44,-93,6
2017-10-27 16:39:21,model=Lenovo PB2-690Y,32.16277074,34.80687835,21,eliya23,00:1d:aa:7c:08:5c,-82,11,drupe 5G,ec:08:6b:27:b0:2e,-80,36,DIRECT-37-HP OfficeJet Pro 8720,a0:8c:fd:5b:1c:38,-85,8,HP-Print-B1-Officejet Pro 8610,fc:15:b4:a7:ce:b1,-86,4,welovecoffee_,14:ae:db:ca:c2:22,-85,10,Partner-4G-7C3F,9c:b2:b2:32:7c:3f,-82,1,ZeroOne 5.0GHz,14:ae:db:3e:de:ed,-89,48,vecorp,64:f6:9d:6a:bb:e0,-90,9,veguest,64:f6:9d:6a:bb:e1,-88,9
2017-10-27 16:39:23,model=Lenovo PB2-690Y,32.16269253,34.80708038,22,drupe_kitchen,14:ae:db:38:cc:ad,-86,11,JONEY_2.4,6c:b0:ce:3a:83:4e,-81,1,GUEST,00:0c:e6:02:d1:6e,-81,6,Print,00:0c:e6:02:b4:d8,-82,6,Natam_sharon,e4:6f:13:6f:c8:8a,-92,9,Ran,00:10:f3:69:eb:b7,-88,11,MVP_Guest,02:1d:aa:da:4b:50,-90,6,DIRECT-7iM2020 Series,32:cd:a7:1e:df:40,-85,11,HP-Print-A7-Officejet Pro 6830,dc:4a:3e:39:49:a7,-90,6,TNCAPF791CB,c4:ea:1d:f7:91:cb,-89,11
2017-10-27 16:39:27,model=Lenovo PB2-690Y,32.16256983,34.80733271,20,murraydiane,c4:12:f5:83:aa:0c,-94,11,Carmel MR,10:be:f5:3a:ec:76,-92,9,DELEK-GROUP,34:db:fd:0a:6c:00,-96,9,Sodyo,14:ae:db:30:59:ca,-91,8,VITEC-IL,80:26:89:0d:5a:2c,-82,9,BezeqFree,14:af:db:30:59:ca,-92,8,PEI.WIFI,78:d3:8d:d1:26:80,-84,7,Bezeq_7301b6,00:22:b0:73:01:b9,-87,6,drupe 2.4G,ec:08:6b:27:b0:2f,-82,4,Yona,10:be:f5:3e:4d:da,-93,2
2017-10-27 16:39:29,model=Lenovo PB2-690Y,32.1625067,34.80746568,21,Natam_sharon,e4:6f:13:6f:c8:8a,-85,9,atid_5,c4:04:15:4e:19:87,-84,60,Paragon-Wifi,00:1d:aa:0f:51:38,-87,11,lapidot_5GHz_1,3c:1e:04:07:95:7c,-91,48,marvin,04:a1:51:11:0e:ee,-90,11,,10:0d:7f:8a:88:44,-93,6,HP-Print-2a-LaserJet 400 MFP,ac:d1:b8:ac:e8:2a,-87,6,TP-LINK_AP_AF8C,98:de:d0:d0:af:8c,-88,6,HP-Setup>4a-M277 LaserJet,fa:da:0c:7e:1b:4a,-92,6,RTI 15,10:fe:ed:62:9e:5c,-83,5
2017-10-27 16:39:32,model=Lenovo PB2-690Y,32.16242017,34.80771262,20,HP-Print-f8-LaserJet 300,0c:84:dc:b9:58:f8,-84,4,ADX HOT,7c:b7:33:2c:95:41,-84,11,interwifi,58:6d:8f:dc:f5:9f,-86,6,Adxperience3_2.4,6c:b0:ce:ac:ee:01,-87,1,Asraf,00:1d:aa:83:d3:8c,-88,6,Piohot,c0:ac:54:f6:59:0d,-89,6,DIRECT-a1-HP M477 LaserJet,96:53:30:2e:18:a1,-90,6,TNCAPE5A34D,9c:97:26:7d:d5:22,-84,1
2017-10-27 16:39:35,model=Lenovo PB2-690Y,32.16229652,34.80799151,19,HP-Print-B1-Officejet Pro 8610,fc:15:b4:a7:ce:b1,-86,4,HP-Print-f8-LaserJet 300,0c:84:dc:b9:58:f8,-79,4,ADX HOT,7c:b7:33:2c:95:41,-77,11,ADX_HOT_EX2.4G,f8:e9:03:0f:24:49,-77,11,DIRECT-OPWorkCentre 3025,9e:93:4e:3f:e8:41,-81,11,KingGeorge,10:be:f5:41:b9:84,-90,9,AdXP,48:f8:b3:cc:fc:1e,-83,4,DBSI,1c:b9:c4:4f:15:d8,-87,9,BezeqFree,06:ae:db:36:86:05,-88,11,,88:dc:96:17:c1:5c,-80,6
2017-10-27 16:39:38,model=Lenovo PB2-690Y,32.16218382,34.80827487,19,drupe_kitchen,14:ae:db:38:cc:ad,-86,11,Ran,00:10:f3:69:eb:b7,-88,11,TNCAPF791CB,c4:ea:1d:f7:91:cb,-89,11,,94:b4:0f:d1:60:04,-81,11,,94:b4:0f:d1:60:03,-83,11,MGC,84:d4:7e:ef:03:a0,-84,11,Print,00:0c:e6:02:b4:d8,-81,6,EMS-Guest,08:5b:0e:f4:76:85,-85,11,KingGeorge,10:be:f5:41:b9:84,-83,9,,94:b4:0f:d1:60:01,-86,11
2017-10-27 16:39:41,model=Lenovo PB2-690Y,32.16203317,34.80861643,17,atid_5,c4:04:15:4e:19:87,-84,60,lapidot_5GHz_1,3c:1e:04:07:95:7c,-91,48,Carmel MR,10:be:f5:3a:ec:76,-90,9,Bello1,80:1f:02:51:34:d2,-83,6,GD,f0:9f:c2:f2:c8:5f,-86,36,Zerto Guests,1a:5b:0e:66:b4:43,-82,6,Zerto,08:5b:0e:66:b4:43,-83,6,Zerto,08:5b:0e:e8:56:cd,-85,11,Natam_sharon,e4:6f:13:6f:c8:8a,-84,9,Zerto Guests,1a:5b:0e:e8:56:cd,-85,11
2017-10-27 16:39:44,model=Lenovo PB2-690Y,32.1618688,34.80894547,15,,94:b4:0f:d1:60:12,-75,48,,94:b4:0f:d1:60:14,-75,48,,94:b4:0f:d1:60:13,-75,48,,94:b4:0f:d1:60:11,-75,48,,94:f6:65:af:df:0c,-87,36,VF3,a0:4f:d4:3d:cc:f1,-87,10,interwifi,58:6d:8f:dc:f5:9f,-86,6,Life,94:b4:0f:d1:60:10,-75,48,,94:f6:65:2f:df:0c,-86,36,HAPOALIM,94:f6:65:6f:df:0c,-87,36
2017-10-27 16:39:48,model=Lenovo PB2-690Y,32.16173813,34.80919485,16,ADX HOT,7c:b7:33:2c:95:41,-77,11,ADX_HOT_EX2.4G,f8:e9:03:0f:24:49,-77,11,BezeqFree,06:ae:db:36:86:05,-88,11,,88:dc:96:17:c0:9e,-63,6,AdXP,48:f8:b3:cc:fc:1e,-87,4,Partner-4G-8AB4,b0:89:00:d8:8a:b4,-83,9,,88:dc:96:17:c1:5c,-69,6,Bezeq-N_223921,c4:12:f5:f6:70:b6,-84,11,DBSI,1c:b9:c4:4f:15:d8,-87,9,as-om,a0:ab:1b:5f:51:48,-85,3
2017-10-27 16:39:50,model=Lenovo PB2-690Y,32.16171469,34.80922516,14,Taykey - Guest,e0:10:7f:49:37:fc,-84,52,Taykey - Office,e0:10:7f:09:37:fc,-84,52,wifi in car-0571,08:97:58:32:b1:9c,-75,2,elastifile,46:d9:e7:d7:c6:14,-82,1
2017-10-27 16:39:53,model=Lenovo PB2-690Y,32.16171852,34.80922745,14,,88:dc:96:17:c1:5c,-60,6,,94:b4:0f:d1:60:03,-74,11,,94:b4:0f:d1:60:01,-78,11,EF_Guest,16:18:d6:a9:2a:84,-80,1,Alpha.guest,74:da:38:b6:ed:8d,-77,4,Taykey - Office,e0:10:7f:09:37:f8,-78,4,Garden,30:b5:c2:23:13:8b,-84,6,BigMeeting_2.4G,74:da:38:b6:ed:8c,-85,4,Taykey - Guest,e0:10:7f:49:37:f8,-79,4,Life,94:b4:0f:d1:60:00,-81,11
2017-10-27 16:39:56,model=Lenovo PB2-690Y,32.16172295,34.80923006,13,Partner-4G-8AB4,b0:89:00:d8:8a:b4,-75,9,4G_UFI-E63,3a:12:2d:b9:ce:63,-78,3,Bezeq-N_223921,c4:12:f5:f6:70:b6,-74,11,ESI-New,00:0c:e6:02:1d:6a,-87,36,ESI-Guest,00:0c:e6:02:8f:c9,-87,36,CST-IL-WLAN,80:2a:a8:4a:c9:37,-86,3
2017-10-27 16:39:59,model=Lenovo PB2-690Y,32.1617306,34.80922516,13,Disruptive WiFi Network,34:12:98:04:c4:00,-85,6,Zerto,08:5b:0e:e8:53:eb,-91,1
2017-10-27 16:40:02,model=Lenovo PB2-690Y,32.16172805,34.80923164,13,,88:dc:96:17:c0:9e,-58,6,wifi in car-0965,08:97:58:33:b1:52,-84,2,Triumph,10:0d:7f:86:c9:7c,-84,5
2017-10-27 16:40:05,model=Lenovo PB2-690Y,32.16172765,34.80923161,13,elastifile,06:18:d6:a9:2a:84,-80,1
2017-10-27 16:40:08,model=Lenovo PB2-690Y,32.16172752,34.80923159,13,wifi in car-0965,08:97:58:33:b1:52,-79,2
2017-10-27 16:40:11,model=Lenovo PB2-690Y,32.16172747,34.80923153,13,Zerto Guests,1a:5b:0e:e8:53:eb,-90,1
2017-10-27 16:40:14,model=Lenovo PB2-690Y,32.16172751,34.80923149,13,BigMeeting_2.4G,74:da:38:b6:ed:8c,-80,4,spot32,d2:6c:ac:04:0d:e9,-90,1,,fa:8f:ca:52:c2:cd,-87,11
2017-10-27 16:40:17,model=Lenovo PB2-690Y,32.16172755,34.80923146,13,Fortify,48:a9:d2:97:71:a5,-83,11
2017-10-27 16:40:20,model=Lenovo PB2-690Y,32.16172754,34.80923144,13,Guest_Wifi,a2:6c:ac:04:0d:e9,-88,1,Zero,00:1e:2a:cf:f2:10,-86,11
2017-10-27 16:40:23,model=Lenovo PB2-690Y,32.16172913,34.80922533,8,Xerox,62:13:11:37:ec:83,-82,10
2017-10-27 16:40:25,model=Lenovo PB2-690Y,32.16173457,34.80921711,9,EF_Guest,16:18:d6:a9:2e:98,-83,11
2017-10-27 16:40:28,model=Lenovo PB2-690Y,32.16174046,34.80921967,10,CST-IL-Guest,82:2a:a8:4a:c9:37,-89,3
2017-10-27 16:40:35,model=Lenovo PB2-690Y,32.16174556,34.80919615,10,Disruptive WiFi Network,34:12:98:04:c4:00,-80,6
2017-10-27 16:40:40,model=Lenovo PB2-690Y,32.1617451,34.8091961,11,EF_Guest,56:d9:e7:d7:c6:14,-76,1
2017-10-27 16:40:44,model=Lenovo PB2-690Y,32.16174503,34.809196,11,Triumph,10:0d:7f:86:c9:7c,-78,5
2017-10-27 16:40:50,model=Lenovo PB2-690Y,32.16173619,34.80920475,11,CST-IL-Guest,82:2a:a8:d1:6a:57,-88,11,snatch Wifi,70:56:81:83:53:b1,-89,10,DIRECT-94-HP OfficeJet Pro 8710,c8:d3:ff:85:13:95,-89,6
2017-10-27 16:40:52,model=Lenovo PB2-690Y,32.16170811,34.80929384,16,GDLWIFI,f2:9f:c2:f1:c8:5f,-81,1,KingGeorge,10:be:f5:41:b9:84,-89,9
2017-10-27 16:40:55,model=Lenovo PB2-690Y,32.1618073,34.80947758,23,GD,f0:9f:c2:f1:c8:5f,-89,1
2017-10-27 16:40:57,model=Lenovo PB2-690Y,32.16198048,34.80961771,23,Zerto Guests,1a:5b:0e:e8:56:cd,-86,11,MWTL,ec:8c:a2:49:cc:c8,-91,9,Matrix HZ WiFi,ec:8c:a2:09:cc:c8,-92,9,Ezel dudi2.4,10:5a:f7:0a:2b:c1,-88,11,Office Network,90:a7:c1:0c:4d:14,-85,10,liv,14:cc:20:8e:97:09,-88,10,Carmel MR,10:be:f5:3a:ec:76,-89,9,Roladin,30:46:9a:23:af:c0,-85,6,Liv,00:10:f3:64:7f:a0,-83,1,HP-Print-ca-LaserJet 400 MFP,0c:84:dc:3e:43:ca,-87,1
2017-10-27 16:41:01,model=Lenovo PB2-690Y,32.16233648,34.80985384,24,Office Network,90:a7:c1:0c:4d:1d,-83,36,Ezel dudi2.4,10:5a:f7:0a:2b:c1,-82,11,Ezel dudi_5,10:5a:f7:0a:2b:c2,-88,52,Elis,00:1d:aa:7c:76:80,-84,11,curvet,bc:ae:c5:c3:7f:89,-87,11,Office Network,90:a7:c1:0c:4d:14,-77,10,elinove,00:1e:e5:04:e5:a1,-88,6,MWTL Mobile (POMS),ec:8c:a2:89:cc:f8,-91,3,225_5eb2c0,a0:ab:1b:5e:b2:c4,-90,9,BI WIFI,ec:8c:a2:c9:cc:f8,-93,3
2017-10-27 16:41:04,model=Lenovo PB2-690Y,32.16255321,34.80997916,25,,94:b4:0f:d1:60:12,-86,48,,94:b4:0f:d1:60:14,-88,48,Life,94:b4:0f:d1:60:10,-87,48,DIRECT-8E-HP DeskJet 3830 series,3c:52:82:a2:38:8f,-91,6,MWTL Mobile (POMS),ec:8c:a2:88:f1:98,-87,4,MWTL,ec:8c:a2:48:dd:58,-92,11,MWTL,ec:8c:a2:48:f1:98,-88,4,Bezeq Free,5a:b2:55:68:13:c1,-84,6,BI WIFI,ec:8c:a2:c8:f1:98,-89,4,Bezeq-n_1A01,e8:fc:af:81:1a:01,-89,11
2017-10-27 16:41:06,model=Lenovo PB2-690Y,32.16273318,34.81008069,28,Bezeq-N_223921,c4:12:f5:f6:70:b6,-75,11,,88:dc:96:17:c0:9e,-76,6,Zero,00:1e:2a:cf:f2:10,-89,11,Partner-4G-8AB4,b0:89:00:d8:8a:b4,-82,9,KingGeorge,10:be:f5:41:b9:84,-89,9,,88:dc:96:17:c1:5c,-82,6,AndroidAP,e8:50:8b:a9:ed:cc,-88,6,CST-IL-WLAN,80:2a:a8:4a:c9:37,-84,3,4G_UFI-E63,3a:12:2d:b9:ce:63,-86,3,EF_Guest,16:18:d6:a9:2a:84,-83,1
2017-10-27 16:41:09,model=Lenovo PB2-690Y,32.16301273,34.81024857,31,Zerto Guests,1a:5b:0e:e8:56:cd,-86,11,Matrix HZ WiFi,ec:8c:a2:09:cc:c8,-92,9,Roladin,30:46:9a:23:af:c0,-85,6,liv,14:cc:20:8e:97:09,-88,10,MWTL,ec:8c:a2:49:cc:c8,-91,9,WeDiggIT,64:a5:c3:6a:07:10,-89,11,Triumph,10:0d:7f:86:c9:7c,-80,5,InternetV,c8:b3:73:57:7a:20,-90,6,GD,f0:9f:c2:f1:c8:5f,-89,1,A.M.P_EXT,c4:6e:1f:54:4f:75,-90,1
2017-10-27 16:41:13,model=Lenovo PB2-690Y,32.16337507,34.81046587,36,Office Network,90:a7:c1:0c:4d:1d,-83,36,Ezel dudi2.4,10:5a:f7:0a:2b:c1,-82,11,Ezel dudi_5,10:5a:f7:0a:2b:c2,-88,52,Elis,00:1d:aa:7c:76:80,-84,11,curvet,bc:ae:c5:c3:7f:89,-87,11,WeDiggIT,64:a5:c3:6a:07:10,-81,11,Office Network,90:a7:c1:0c:4d:14,-77,10,HP-Print-C4-Officejet Pro 6830,70:5a:0f:02:dd:c4,-93,6,MWTL Mobile (POMS),ec:8c:a2:89:cc:f8,-91,3,Neopharm Top,16:18:d6:cb:51:6c,-87,1
2017-10-27 16:41:16,model=Lenovo PB2-690Y,32.16364015,34.81062535,33,MWTL,ec:8c:a2:48:dd:58,-92,11,offise2.4,48:ee:0c:3e:ad:41,-90,8,Bezeq-n_1A01,e8:fc:af:81:1a:01,-89,11,WeDiggIT's Lab Wi-Fi 5GHz,64:a5:c3:6a:0b:a2,-82,6,HP-Print-D6-Officejet Pro 8610,fc:15:b4:a7:c3:d6,-83,6,AmGuest1,02:10:f3:63:f7:67,-86,4,Micasah2,74:da:38:c3:45:a5,-77,3,Ronitskin,d8:fb:5e:18:4a:f1,-87,9,BI WIFI,ec:8c:a2:c8:f1:98,-88,4,Aoffice,00:10:f3:63:f7:67,-87,4
2017-10-27 16:41:18,model=Lenovo PB2-690Y,32.16379535,34.81072468,33,,88:dc:96:17:c1:5c,-82,6,Zero,00:1e:2a:cf:f2:10,-87,11,4G_UFI-E63,3a:12:2d:b9:ce:63,-86,3,AndroidAP,e8:50:8b:a9:ed:cc,-88,6,GA-Simba,20:4e:7f:27:b9:f4,-82,11,jct,14:ae:db:38:fa:6d,-92,11,TNCAPE5A34D,30:91:8f:ed:72:f7,-91,11
2017-10-27 16:41:22,model=Lenovo PB2-690Y,32.16408098,34.81091101,35,8084789_5,80:37:73:e6:96:d3,-90,60,InternetV,c8:b3:73:57:7a:20,-88,6,Voicesense_guest,90:6c:ac:aa:61:a2,-88,11,HP-Print-C4-Officejet Pro 6830,70:5a:0f:02:dd:c4,-85,6,Si-o-Net_5,44:94:fc:66:61:46,-89,6,Aoffice,00:10:f3:63:f7:67,-81,4,revi_bakery,6c:19:8f:4b:45:c5,-90,11,Bezeq-N_ebaf41,e8:cc:18:eb:af:42,-94,6,BezeqFree,06:ae:db:b6:59:e5,-82,1,DecorGuest,1c:d6:c7:e1:b7:cc,-94,4
2017-10-27 16:41:24,model=Lenovo PB2-690Y,32.16421989,34.81099135,33,BeeComm,80:1f:02:81:07:ec,-84,11,HOTBOX-260D,7c:b7:33:bf:26:13,-83,3,MIRI,70:62:b8:34:15:46,-84,5,Mitrelli_Guest,2c:c5:d3:50:b1:b8,-89,6,bsh-Home-ADSL,50:57:a8:67:11:29,-89,6
2017-10-27 16:41:28,model=Lenovo PB2-690Y,32.16451351,34.81122293,33,WeDiggIT,64:a5:c3:6a:07:10,-81,11,compvision,f8:e9:03:11:b4:83,-82,1,WeDiggIT's Lab Guest,66:a2:0b:6a:c3:a0,-86,6,Twistlock,56:d9:e7:a5:e3:2e,-88,1,Intendu,5c:83:8f:33:b9:18,-92,1,IntenduCaptive,5c:83:8f:33:b9:19,-94,1,Twistlock Guests,46:d9:e7:a5:e3:2e,-81,1,Si-o-Net_5,44:94:fc:66:61:46,-83,6,yakov,e8:fc:af:9d:79:78,-76,11,Decor-HRZ,18:d6:c7:e1:b7:cc,-91,4
2017-10-27 16:41:31,model=Lenovo PB2-690Y,32.16475405,34.81137867,33,,b4:5d:50:fb:7f:11,-87,36,,b4:5d:50:fb:7f:10,-88,36,podatacall2.4,c4:12:f5:f7:74:f2,-81,9,LIAT,14:ae:db:39:31:d5,-79,11,Techtrends,6c:f0:49:aa:44:a6,-87,6,MIRI_5,70:62:b8:34:15:47,-89,48,,f0:7f:06:68:aa:6d,-89,36,StratoGuests,00:35:1a:d3:50:21,-77,1,SP(2.4),ec:08:6b:38:11:af,-85,10,AmGuest1,02:10:f3:63:f7:67,-82,4
2017-10-27 16:41:34,model=Lenovo PB2-690Y,32.16498918,34.81150309,34,,88:dc:96:17:c1:5c,-86,6,DIRECT-AD-HP OfficeJet Pro 8730,ee:8e:b5:09:8a:ad,-83,8,DIRECT-71-HP OfficeJet 7510,64:51:06:f6:8a:7f,-70,6,AppleWiFiSecure,f0:7f:06:68:aa:6e,-88,36,GA-Simba,20:4e:7f:27:b9:f4,-89,11,,f0:7f:06:68:aa:6c,-89,36,TNCAPE5A34D,30:91:8f:ed:72:f7,-88,11,,c0:ff:d4:7f:6b:6b,-79,11,DeCarlo_EXT,d8:fe:e3:b6:de:21,-86,10,Bizur_2.4,14:ae:db:36:82:35,-87,6
2017-10-27 16:41:37,model=Lenovo PB2-690Y,32.16521437,34.81157186,36,8084789_5,80:37:73:e6:96:d3,-90,60,Voicesense_guest,90:6c:ac:aa:61:a2,-88,11,revi_bakery,6c:19:8f:4b:45:c5,-90,11,Bezeq-N_ebaf41,e8:cc:18:eb:af:42,-94,6,Bezeq,00:16:e3:f1:37:7d,-84,6,Bizur_2.4,14:ae:db:36:82:35,-79,6,DecorGuest,1c:d6:c7:e1:b7:cc,-90,4,StratoGuests,00:35:1a:05:9c:71,-77,6,Howazit,1c:b9:c4:0f:44:b8,-78,8,HP-Print-C4-Officejet Pro 6830,70:5a:0f:02:dd:c4,-85,6
2017-10-27 16:41:40,model=Lenovo PB2-690Y,32.16539992,34.81160634,38,,f0:7f:06:68:c6:6d,-81,48,AppleWifi,f0:7f:06:68:c6:6f,-83,48,bsh-Home-ADSL,50:57:a8:67:11:29,-89,6,BEZEQINT-D131,14:ae:db:55:d1:35,-83,11,AppleWifi,f0:7f:06:68:aa:6f,-87,36,BeeComm,80:1f:02:81:07:ec,-84,11,,f0:7f:06:77:19:bc,-89,48,Howazit,1c:b9:c4:0f:44:bc,-84,36,KD_Office_2,74:da:38:2e:ab:c9,-86,5,winehouse_2.4,14:ae:db:ca:82:32,-87,5
2017-10-27 16:41:43,model=Lenovo PB2-690Y,32.16550463,34.81160987,41,KDF,a8:f7:e0:09:13:a0,-85,11,  InnovationEndeavors,74:da:38:a9:1c:df,-86,4,MOBIMIGHT,00:10:f3:64:7a:ee,-82,1,HeliconBooks,e8:cc:18:eb:7b:2b,-80,6,HP-Print-82-LaserJet 200 color,68:94:23:24:b1:82,-86,6
2017-10-27 16:41:46,model=Lenovo PB2-690Y,32.16550639,34.81160925,41,  InnovationEndeavors,74:da:38:a9:1c:df,-79,4,KD_Office_3,74:da:38:b0:67:d6,-81,4,kiosk,14:ae:db:3d:28:7a,-81,7,,f4:ec:38:ec:bc:36,-89,9
2017-10-27 16:41:49,model=Lenovo PB2-690Y,32.16550181,34.81160525,35,KD_Office_2,74:da:38:2e:ab:c9,-78,5,DekelE,48:ee:0c:ea:e7:c8,-79,6,,f0:7f:06:68:c6:6c,-82,48,AppleWiFiSecure,f0:7f:06:68:c6:6e,-82,48,AppleWifi,f0:7f:06:75:02:ef,-84,48,Gandyr-right,74:da:38:3b:d8:08,-82,6,HP-Print-CF-Officejet Pro 8600,2c:59:e5:ee:6c:cf,-91,6
2017-10-27 16:41:52,model=Lenovo PB2-690Y,32.165498,34.81159983,39,office_rooter_2,74:da:38:6d:45:e8,-84,1,PDTC,c8:d3:a3:21:82:29,-88,11,officeefrat,90:8d:78:53:90:8f,-92,11
2017-10-27 16:41:55,model=Lenovo PB2-690Y,32.16549588,34.81159578,40,Rhodium-WiFi-guest,72:3a:cb:6a:d0:4c,-81,6,Rhodium-WiFi,70:3a:cb:6a:d0:4f,-84,6,ion_wireless,f8:1a:67:a2:f5:73,-84,8
2017-10-27 16:41:58,model=Lenovo PB2-690Y,32.16549778,34.81159538,40,,f0:7f:06:75:02:e3,-89,1,JOSHUA,14:ae:db:3d:c0:92,-90,1,HP-Print-97-LaserJet 400 MFP,74:29:af:74:f9:97,-90,6,Gold_Wifi,98:fc:11:84:3b:31,-86,1
2017-10-27 16:42:01,model=Lenovo PB2-690Y,32.16549769,34.8115991,40,,f0:7f:06:75:02:ed,-88,48,Rhodium-WiFi-guest,72:3a:cb:6a:ca:ac,-89,1
2017-10-27 16:42:04,model=Lenovo PB2-690Y,32.16549745,34.81160421,38,Playrix2.4G,f2:9f:c2:91:07:b0,-81,11,Glilot1,18:a6:f7:51:67:f8,-90,4,TP-LINK_7EA864,f4:f2:6d:7e:a8:64,-90,11
2017-10-27 16:42:07,model=Lenovo PB2-690Y,32.16549742,34.81160631,38,,e8:fc:af:9c:65:c1,-89,1
2017-10-27 16:42:10,model=Lenovo PB2-690Y,32.1654975,34.81160667,38,RealAP,f8:e7:1e:2e:5f:a8,-88,8
2017-10-27 16:42:16,model=Lenovo PB2-690Y,32.16549755,34.81160693,38,Bezeq Free,62:b0:ce:2f:4b:3c,-88,1
2017-10-27 16:42:28,model=Lenovo PB2-690Y,32.16549844,34.81159585,34,DIRECT-9ZCLX-3300 Series,32:cd:a7:24:99:4a,-82,11
2017-10-27 16:42:31,model=Lenovo PB2-690Y,32.16549714,34.811607,36,,f0:7f:06:02:21:3c,-84,44,AppleWifi,f0:7f:06:02:21:3f,-85,44
2017-10-27 16:42:34,model=Lenovo PB2-690Y,32.16550614,34.81158323,37,  InnovationEndeavors,74:da:38:a9:1c:df,-74,4,KD_Office_3,74:da:38:b0:67:d6,-76,4,DekelG,48:ee:0c:ea:e7:c9,-88,6,,f0:7f:06:02:21:3d,-87,44,AppleWiFiSecure,f0:7f:06:02:21:3e,-87,44
2017-10-27 16:42:37,model=Lenovo PB2-690Y,32.16552205,34.81157425,33,HP-Print-97-LaserJet 400 MFP,74:29:af:74:f9:97,-84,6
2017-10-27 16:42:40,model=Lenovo PB2-690Y,32.16555084,34.81156753,32,HP-Print-3D-Officejet Pro 6830,70:5a:0f:03:10:3d,-91,11
2017-10-27 16:42:43,model=Lenovo PB2-690Y,32.1657019,34.81153294,27,Rhodium-WiFi-guest,72:3a:cb:6a:ca:a8,-83,149,Rhodium-WiFi,70:3a:cb:6a:d0:4b,-84,149
2017-10-27 16:42:46,model=Lenovo PB2-690Y,32.1658524,34.81141188,27,RealAP,f8:e7:1e:2e:5f:a8,-83,8,,f0:7f:06:68:aa:6d,-89,36,LIAT,14:ae:db:39:31:d5,-89,11,Rhodium-WiFi-guest,72:3a:cb:6a:ca:ac,-82,1,GetAlert-GW,70:3a:cb:cf:36:69,-84,11,Stratoscale,00:35:1a:d3:50:20,-88,1,StratoGuests,00:35:1a:d3:50:21,-89,1,Edimax AP,80:1f:02:5d:a4:b8,-87,11
2017-10-27 16:42:49,model=Lenovo PB2-690Y,32.16592741,34.81108466,30,Rhodium-WiFi,70:3a:cb:6a:d0:4f,-75,6,Playrix2.4G,f2:9f:c2:91:07:b0,-72,11,HP-Print-82-LaserJet 200 color,68:94:23:24:b1:82,-81,6,JOSHUA,14:ae:db:3d:c0:92,-84,1,Edimax AP,80:1f:02:5d:a4:b8,-81,11,Rhodium-WiFi-guest,72:3a:cb:6a:d0:4c,-72,6,east,00:24:6c:34:dc:40,-81,11,Hyundai,14:ae:db:c8:24:1d,-82,1,Rhodium-WiFi,70:3a:cb:6a:ca:ae,-84,1,Idanktv_2.4,6c:b0:ce:2f:4b:3f,-85,1
2017-10-27 16:42:52,model=Lenovo PB2-690Y,32.16603024,34.81070264,31,east,00:24:6c:34:dc:40,-74,11,EMC-Corp,84:3d:c6:c7:eb:04,-83,9,EMC-Open,84:3d:c6:c7:eb:07,-84,9,RealAP,f8:e7:1e:2e:5f:a8,-77,8,DELL_Guest,00:24:6c:34:dc:41,-74,11,CORP-W1F1,84:3d:c6:c7:eb:03,-81,9,dbwguest,ce:d7:19:0e:ff:95,-81,11,Pivotal,84:3d:c6:c7:eb:0b,-82,9,DELL_Guest,84:3d:c6:c7:eb:01,-83,9,KD_Office_2,74:da:38:2e:ab:c9,-70,5
2017-10-27 16:42:55,model=Lenovo PB2-690Y,32.16617002,34.81029415,30,Rhodium-WiFi-guest,72:3a:cb:6a:ca:a8,-83,149,Rhodium-WiFi,70:3a:cb:6a:d0:4b,-84,149,Gandyr-right,74:da:38:3b:d8:08,-80,6,ion_wireless,f8:1a:67:a2:f5:73,-85,8,HP-Print-97-LaserJet 400 MFP,74:29:af:74:f9:97,-89,6,GetAlert-GW,70:3a:cb:cf:36:69,-84,11,Howazit,1c:b9:c4:0f:44:b8,-80,8,Training Room,8e:15:54:ac:d4:e4,-83,44,kiosk,14:ae:db:3d:28:7a,-84,7,GFCM_5,14:ae:db:32:d5:c5,-86,48
2017-10-27 16:42:58,model=Lenovo PB2-690Y,32.1663079,34.80996014,28,Call Center,8a:15:54:ac:d4:e4,-80,44,Playrix2.4G,f2:9f:c2:91:07:b0,-75,11,bacapital_5,6c:b0:ce:ab:5a:a2,-85,60,Training Room,8e:15:44:ac:d4:e4,-75,6,Call Center,88:15:44:ac:d4:e4,-77,6,Ezbob_Guest,06:18:1a:7f:ca:1e,-88,40,Edimax AP,80:1f:02:5d:a4:b8,-81,11,sulam,90:6c:ac:c7:95:cd,-83,11,Rhodium-WiFi,70:3a:cb:6a:d0:4f,-75,6,dbw,c8:d7:19:0e:ff:95,-84,11
2017-10-27 16:43:01,model=Lenovo PB2-690Y,32.16643649,34.80965132,28,DELL_Guest,00:24:6c:34:dc:41,-74,11,dbwguest,ce:d7:19:0e:ff:95,-84,11,Ezbob_WiFi,00:02:6f:12:34:56,-78,11,EMC-Corp,84:3d:c6:c7:eb:04,-83,9,Ezbob_Guest,06:02:6f:12:34:50,-88,40,east,00:24:6c:34:dc:40,-74,11,Ezbob_WiFi,00:02:6f:12:34:50,-88,40,EMC-Open,84:3d:c6:c7:eb:07,-84,9,SECUBIT2017,88:dc:96:2a:5c:fe,-83,11,RealAP,f8:e7:1e:2e:5f:a8,-77,8
2017-10-27 16:43:04,model=Lenovo PB2-690Y,32.16655618,34.80938792,28,CMT-ALap,94:10:3e:a8:34:a0,-81,36,Pitarohecht,5c:83:8f:33:b9:e8,-85,1,Efrat Networks MM,94:f6:65:5b:b2:28,-86,5,4GT,82:4c:a5:1a:65:2b,-87,11,CMT-Guests,70:4c:a5:1a:65:2b,-88,11,PushApps,14:ae:db:39:b3:6d,-88,1,Pitarohecht,00:02:6f:a6:f1:f3,-72,1
2017-10-27 16:43:07,model=Lenovo PB2-690Y,32.16665222,34.8092036,31,IDC,9c:1c:12:ab:f1:b1,-88,52,GFCM_5,14:ae:db:32:d5:c5,-86,48,rdm,9c:1c:12:ab:f1:b0,-89,52,Training Room,8e:15:54:ac:d4:e4,-79,44,HP-nomodel.D169B3,02:27:f7:29:70:28,-78,6,Telekom,68:86:a7:53:76:10,-80,6,IDC-Wireless,e0:10:7f:09:2f:e8,-84,6,Christine,f0:7d:68:fd:97:39,-90,6,HP-Print-A0-LaserJet Pro MFP,30:f7:72:6e:8e:a0,-82,6,SECUBIT2017,88:dc:96:2a:5d:00,-76,6
2017-10-27 16:43:10,model=Lenovo PB2-690Y,32.16667408,34.80916402,30,HP-Print-A0-LaserJet Pro MFP,30:f7:72:6e:8e:a0,-77,6
2017-10-27 16:43:20,model=Lenovo PB2-690Y,32.16664266,34.80919318,29,Bezeq2.4,14:ae:db:b3:7b:65,-89,6,ASUS,d0:17:c2:60:e7:38,-91,3,win-teuch,c4:12:f5:83:3a:88,-90,1,DBSI,1c:b9:c4:4f:2f:08,-90,1
2017-10-27 16:43:29,model=Lenovo PB2-690Y,32.16659883,34.80915815,31,Kopel,00:1d:aa:e2:1a:c0,-90,6,Ezbob_Guest,0a:8d:db:65:89:a9,-93,1
2017-10-27 16:43:46,model=Lenovo PB2-690Y,32.16685391,34.80870372,30,bacapital,6c:b0:ce:ab:5a:a1,-88,1,RTI 15,10:fe:ed:62:9e:5c,-87,5,kaymeraQA,00:f6:63:3a:f4:80,-88,1,Candan,c0:ff:d4:7b:82:30,-88,1
2017-10-27 16:43:49,model=Lenovo PB2-690Y,32.16699544,34.80837223,30,HP-Print-b7-LaserJet 300,34:23:87:36:c9:b7,-89,1,CMT-ALap,94:10:3e:a8:34:a0,-83,36,Pitarohecht,00:02:6f:a6:f1:f3,-84,1,KaymeraDev,00:f6:63:3a:f4:81,-88,1,KaymeraGuest,00:f6:63:3a:f4:82,-89,1
2017-10-27 16:43:52,model=Lenovo PB2-690Y,32.16713001,34.8080524,30,HP-Print-A0-LaserJet Pro MFP,30:f7:72:6e:8e:a0,-87,6,ASUS,d0:17:c2:60:e7:38,-87,3,CArgentina,30:b5:c2:bd:55:32,-88,2,Bezeq2.4,14:ae:db:b3:7b:65,-90,6,BlueSnap-Guest-2.4GHz,00:02:6f:bb:fd:ac,-85,1,DBSI,1c:b9:c4:4f:2f:08,-87,1,Efrat Networks NC,00:1d:aa:34:1e:58,-89,11
2017-10-27 16:43:58,model=Lenovo PB2-690Y,32.16742305,34.80797478,27,Rabia,30:b5:c2:bd:51:9e,-94,7
2017-10-27 16:44:01,model=Lenovo PB2-690Y,32.16767541,34.8081139,25,VIKI,cc:b2:55:e9:be:78,-87,6,Bond-MidFloor,30:b5:c2:25:dc:ae,-92,4,Assor_wifi,14:ae:db:a4:5b:a2,-94,9,BezeqFree,14:af:db:a4:5b:a2,-95,9,Sweetb_2.4.,10:5a:f7:00:91:91,-90,11
2017-10-27 16:44:04,model=Lenovo PB2-690Y,32.1679589,34.80821265,23,kaymeraQA,00:f6:63:3a:f4:80,-89,1,Candan,c0:ff:d4:7b:82:30,-90,1,INGENEO,cc:b2:55:e8:4c:e6,-89,6,Home.,a0:ab:1b:62:a7:bc,-88,1,Rabia,30:b5:c2:bd:52:40,-89,6,Assor_wifi,18:d6:c7:fb:1a:2f,-96,9
2017-10-27 16:44:07,model=Lenovo PB2-690Y,32.16811955,34.80827012,24,BENY PUR,d8:fe:e3:03:c7:b1,-85,6,frenkel,48:ee:0c:3f:38:55,-92,4,Bezeq-N_2db33b,fc:75:16:2d:b3:3c,-89,6
2017-10-27 16:44:10,model=Lenovo PB2-690Y,32.16811582,34.80839219,24,ORBI Tal,a2:3d:cf:fb:0c:b8,-94,8,shogol,fc:b4:e6:d1:a8:ce,-92,1
2017-10-27 16:44:13,model=Lenovo PB2-690Y,32.16806933,34.80861988,22,susanne,14:ae:db:b5:94:35,-91,11,EL,14:ae:db:3d:b1:52,-94,9,cohen,cc:b2:55:68:0b:2a,-93,6,Bezeq Free,52:62:b8:32:9d:ec,-93,6
2017-10-27 16:44:16,model=Lenovo PB2-690Y,32.16801169,34.8089357,22,cohen,cc:b2:55:68:0b:2a,-86,6,ruth22,8c:59:c3:ea:2c:22,-86,1,Tami1975 2.4 !,70:62:b8:32:9d:ef,-92,6
2017-10-27 16:44:19,model=Lenovo PB2-690Y,32.16794249,34.80927624,23,Candan,c0:ff:d4:7b:82:30,-89,1,INGENEO,cc:b2:55:e8:4c:e6,-87,6,Bond-MidFloor,30:b5:c2:25:dc:ae,-92,4,Assor_wifi,14:ae:db:a4:5b:a2,-94,9,BezeqFree,14:af:db:a4:5b:a2,-93,9,Assor_wifi,18:d6:c7:fb:1a:2f,-96,9,frenkel,48:ee:0c:3f:38:55,-90,4,Bezeq-N_2db33b,fc:75:16:2d:b3:3c,-86,6,TP-LINK_B573C0,30:b5:c2:b5:73:c0,-92,4
2017-10-27 16:44:22,model=Lenovo PB2-690Y,32.16788634,34.80957568,23,ORBI Tal,a2:3d:cf:fb:0c:b8,-94,8,shogol,fc:b4:e6:d1:a8:ce,-89,1,Erez Man,e4:8d:8c:7f:3d:0d,-82,1,Erez Man,6c:3b:6b:76:4e:e1,-90,1,Coffee.LAN,90:6c:ac:21:35:8b,-91,11
2017-10-27 16:44:25,model=Lenovo PB2-690Y,32.16783602,34.80980176,26,susanne,14:ae:db:b5:94:35,-93,11,EL,14:ae:db:3d:b1:52,-94,9,Bezeq Free,52:62:b8:32:9d:ec,-92,6,Erez Man,e4:8d:8c:7f:3d:0d,-77,1
2017-10-27 16:44:28,model=Lenovo PB2-690Y,32.16777844,34.80989215,25,888Corp,8e:15:54:a9:32:e6,-88,40
2017-10-27 16:44:41,model=Lenovo PB2-690Y,32.16762951,34.80987893,31,Efrat Networks MM,94:f6:65:5b:b2:28,-87,5,Guest Neetwork MM,94:f6:65:1b:b2:28,-91,5,888Guest,02:8d:db:6e:71:bf,-83,1
